,WaveformDecomposition.stop_methode,WaveformDecomposition.stop_region,WaveformDecomposition.threshold,WaveformDecomposition.fwhm,WaveformDecomposition.search_range,WaveformDecomposition.search_edge,MipTimeRetrieval.pe_hit_time,MipTimeRetrieval.window_length,MipTimeRetrieval.window_threshold,SystematicsStudy.threshold_tres,SystematicsStudy.range_time,MPV_1,MPV_2,MPV_3,MPV_4,TRes,TRes_shift
0,2.0,3.0,0.5,4.0,1000.0,200.0,1.0,4.0,1.0,0.4,4.0,10.210812046772173,1.5798625951758498,8.451872275137132,8.29425848296891,0.9232430644209749,-0.45843977217490794
1,2.0,3.0,0.5,4.0,1000.0,200.0,1.0,4.0,1.0,0.4,6.0,10.210812046772173,1.5798625951758498,8.451872275137132,8.29425848296891,0.8094107673181004,-0.486567425202761
2,2.0,3.0,0.5,4.0,1000.0,200.0,1.0,4.0,1.0,0.4,8.0,10.210812046772173,1.5798625951758498,8.451872275137132,8.29425848296891,0.7881368974904108,-0.48395120842258327
3,2.0,3.0,0.5,4.0,1000.0,200.0,1.0,4.0,1.0,0.5,4.0,10.210812046772173,1.5798625951758498,8.451872275137132,8.29425848296891,0.9026565593922355,-0.5079169495239397
4,2.0,3.0,0.5,4.0,1000.0,200.0,1.0,4.0,1.0,0.5,6.0,10.210812046772173,1.5798625951758498,8.451872275137132,8.29425848296891,2.04807509273629,-0.5422193734599253
5,2.0,3.0,0.5,4.0,1000.0,200.0,1.0,4.0,1.0,0.5,8.0,10.210812046772173,1.5798625951758498,8.451872275137132,8.29425848296891,0.7698828808886834,-0.5413819141481548
6,2.0,3.0,0.5,4.0,1000.0,200.0,1.0,4.0,1.0,0.6,4.0,10.210812046772173,1.5798625951758498,8.451872275137132,8.29425848296891,0.8126653838816369,-0.5437164140251259
7,2.0,3.0,0.5,4.0,1000.0,200.0,1.0,4.0,1.0,0.6,6.0,10.210812046772173,1.5798625951758498,8.451872275137132,8.29425848296891,0.7214347830574974,-0.5755155526090767
8,2.0,3.0,0.5,4.0,1000.0,200.0,1.0,4.0,1.0,0.6,8.0,10.210812046772173,1.5798625951758498,8.451872275137132,8.29425848296891,0.6959153854806114,-0.5698808816698907
9,2.0,3.0,0.5,4.0,1000.0,200.0,1.0,4.0,2.0,0.4,4.0,9.69629813186151,0.5,8.067294361679092,8.077554976238401,0.9232430644209749,-0.45843977217490794
10,2.0,3.0,0.5,4.0,1000.0,200.0,1.0,4.0,2.0,0.4,6.0,9.69629813186151,0.5,8.067294361679092,8.077554976238401,0.8094107673181004,-0.486567425202761
11,2.0,3.0,0.5,4.0,1000.0,200.0,1.0,4.0,2.0,0.4,8.0,9.69629813186151,0.5,8.067294361679092,8.077554976238401,0.7881368974904108,-0.48395120842258327
12,2.0,3.0,0.5,4.0,1000.0,200.0,1.0,4.0,2.0,0.5,4.0,9.69629813186151,0.5,8.067294361679092,8.077554976238401,0.9026565593922355,-0.5079169495239397
13,2.0,3.0,0.5,4.0,1000.0,200.0,1.0,4.0,2.0,0.5,6.0,9.69629813186151,0.5,8.067294361679092,8.077554976238401,2.04807509273629,-0.5422193734599253
14,2.0,3.0,0.5,4.0,1000.0,200.0,1.0,4.0,2.0,0.5,8.0,9.69629813186151,0.5,8.067294361679092,8.077554976238401,0.7698828808886834,-0.5413819141481548
15,2.0,3.0,0.5,4.0,1000.0,200.0,1.0,4.0,2.0,0.6,4.0,9.69629813186151,0.5,8.067294361679092,8.077554976238401,0.8126653838816369,-0.5437164140251259
16,2.0,3.0,0.5,4.0,1000.0,200.0,1.0,4.0,2.0,0.6,6.0,9.69629813186151,0.5,8.067294361679092,8.077554976238401,0.7214347830574974,-0.5755155526090767
17,2.0,3.0,0.5,4.0,1000.0,200.0,1.0,4.0,2.0,0.6,8.0,9.69629813186151,0.5,8.067294361679092,8.077554976238401,0.6959153854806114,-0.5698808816698907
18,2.0,3.0,0.5,4.0,1000.0,200.0,1.0,4.0,3.0,0.4,4.0,9.735850495029553,0.5,7.788927551676382,8.091716247051187,0.948828599515259,-0.45299585351044624
19,2.0,3.0,0.5,4.0,1000.0,200.0,1.0,4.0,3.0,0.4,6.0,9.735850495029553,0.5,7.788927551676382,8.091716247051187,0.8115148278573053,-0.4810447789711583
20,2.0,3.0,0.5,4.0,1000.0,200.0,1.0,4.0,3.0,0.4,8.0,9.735850495029553,0.5,7.788927551676382,8.091716247051187,0.7916885792111206,-0.4788558703934397
21,2.0,3.0,0.5,4.0,1000.0,200.0,1.0,4.0,3.0,0.5,4.0,9.735850495029553,0.5,7.788927551676382,8.091716247051187,0.8982290323494626,-0.5050225094962365
22,2.0,3.0,0.5,4.0,1000.0,200.0,1.0,4.0,3.0,0.5,6.0,9.735850495029553,0.5,7.788927551676382,8.091716247051187,0.7790137453446698,-0.5391848067747278
23,2.0,3.0,0.5,4.0,1000.0,200.0,1.0,4.0,3.0,0.5,8.0,9.735850495029553,0.5,7.788927551676382,8.091716247051187,0.7688085335264897,-0.5384484246084894
24,2.0,3.0,0.5,4.0,1000.0,200.0,1.0,4.0,3.0,0.6,4.0,9.735850495029553,0.5,7.788927551676382,8.091716247051187,1.1812202945326271,-0.45803391664124277
25,2.0,3.0,0.5,4.0,1000.0,200.0,1.0,4.0,3.0,0.6,6.0,9.735850495029553,0.5,7.788927551676382,8.091716247051187,0.7232113883156451,-0.5735806153049343
26,2.0,3.0,0.5,4.0,1000.0,200.0,1.0,4.0,3.0,0.6,8.0,9.735850495029553,0.5,7.788927551676382,8.091716247051187,0.8141841478405248,0.0
27,2.0,3.0,0.5,4.0,1000.0,200.0,1.0,12.0,1.0,0.4,4.0,14.500000001112326,10.800190839303692,12.956027187721869,13.426006480426743,0.9787007370104606,-0.3137101608481217
28,2.0,3.0,0.5,4.0,1000.0,200.0,1.0,12.0,1.0,0.4,6.0,14.500000001112326,10.800190839303692,12.956027187721869,13.426006480426743,3.5182244442388155,-0.3064072474923425
29,2.0,3.0,0.5,4.0,1000.0,200.0,1.0,12.0,1.0,0.4,8.0,14.500000001112326,10.800190839303692,12.956027187721869,13.426006480426743,0.9841231557482715,-0.3067249809089608
30,2.0,3.0,0.5,4.0,1000.0,200.0,1.0,12.0,1.0,0.5,4.0,14.500000001112326,10.800190839303692,12.956027187721869,13.426006480426743,0.9753071675284337,-0.32486584603464586
31,2.0,3.0,0.5,4.0,1000.0,200.0,1.0,12.0,1.0,0.5,6.0,14.500000001112326,10.800190839303692,12.956027187721869,13.426006480426743,0.973947249823101,-0.3164467964739942
32,2.0,3.0,0.5,4.0,1000.0,200.0,1.0,12.0,1.0,0.5,8.0,14.500000001112326,10.800190839303692,12.956027187721869,13.426006480426743,0.9748525676337063,-0.31706881330890285
33,2.0,3.0,0.5,4.0,1000.0,200.0,1.0,12.0,1.0,0.6,4.0,14.500000001112326,10.800190839303692,12.956027187721869,13.426006480426743,0.9587982166873943,-0.32900167830018606
34,2.0,3.0,0.5,4.0,1000.0,200.0,1.0,12.0,1.0,0.6,6.0,14.500000001112326,10.800190839303692,12.956027187721869,13.426006480426743,3.174666357706705,-0.3219592073977739
35,2.0,3.0,0.5,4.0,1000.0,200.0,1.0,12.0,1.0,0.6,8.0,14.500000001112326,10.800190839303692,12.956027187721869,13.426006480426743,0.950955254147908,-0.32335320252115324
36,2.0,3.0,0.5,4.0,1000.0,200.0,1.0,12.0,2.0,0.4,4.0,13.500000000720897,10.465594191755988,12.691625759112707,13.032918149918723,0.9787007370104606,-0.3137101608481217
37,2.0,3.0,0.5,4.0,1000.0,200.0,1.0,12.0,2.0,0.4,6.0,13.500000000720897,10.465594191755988,12.691625759112707,13.032918149918723,3.5182244442388155,-0.3064072474923425
38,2.0,3.0,0.5,4.0,1000.0,200.0,1.0,12.0,2.0,0.4,8.0,13.500000000720897,10.465594191755988,12.691625759112707,13.032918149918723,0.9841231557482715,-0.3067249809089608
39,2.0,3.0,0.5,4.0,1000.0,200.0,1.0,12.0,2.0,0.5,4.0,13.500000000720897,10.465594191755988,12.691625759112707,13.032918149918723,0.9753071675284337,-0.32486584603464586
40,2.0,3.0,0.5,4.0,1000.0,200.0,1.0,12.0,2.0,0.5,6.0,13.500000000720897,10.465594191755988,12.691625759112707,13.032918149918723,0.973947249823101,-0.3164467964739942
41,2.0,3.0,0.5,4.0,1000.0,200.0,1.0,12.0,2.0,0.5,8.0,13.500000000720897,10.465594191755988,12.691625759112707,13.032918149918723,0.9748525676337063,-0.31706881330890285
42,2.0,3.0,0.5,4.0,1000.0,200.0,1.0,12.0,2.0,0.6,4.0,13.500000000720897,10.465594191755988,12.691625759112707,13.032918149918723,0.9587982166873943,-0.32900167830018606
43,2.0,3.0,0.5,4.0,1000.0,200.0,1.0,12.0,2.0,0.6,6.0,13.500000000720897,10.465594191755988,12.691625759112707,13.032918149918723,3.174666357706705,-0.3219592073977739
44,2.0,3.0,0.5,4.0,1000.0,200.0,1.0,12.0,2.0,0.6,8.0,13.500000000720897,10.465594191755988,12.691625759112707,13.032918149918723,0.950955254147908,-0.32335320252115324
45,2.0,3.0,0.5,4.0,1000.0,200.0,1.0,12.0,3.0,0.4,4.0,13.500000000641405,10.527244154267773,12.727369852890268,13.043818482624564,4.811475213282156,-0.3106483355818439
46,2.0,3.0,0.5,4.0,1000.0,200.0,1.0,12.0,3.0,0.4,6.0,13.500000000641405,10.527244154267773,12.727369852890268,13.043818482624564,0.9828332705339223,-0.3034435347425379
47,2.0,3.0,0.5,4.0,1000.0,200.0,1.0,12.0,3.0,0.4,8.0,13.500000000641405,10.527244154267773,12.727369852890268,13.043818482624564,0.9824901464276719,-0.30382063929072944
48,2.0,3.0,0.5,4.0,1000.0,200.0,1.0,12.0,3.0,0.5,4.0,13.500000000641405,10.527244154267773,12.727369852890268,13.043818482624564,0.9748681217627698,-0.32178392025881053
49,2.0,3.0,0.5,4.0,1000.0,200.0,1.0,12.0,3.0,0.5,6.0,13.500000000641405,10.527244154267773,12.727369852890268,13.043818482624564,0.972850268471744,-0.31341310051188265
50,2.0,3.0,0.5,4.0,1000.0,200.0,1.0,12.0,3.0,0.5,8.0,13.500000000641405,10.527244154267773,12.727369852890268,13.043818482624564,0.9734119647873366,-0.31398977729971567
51,2.0,3.0,0.5,4.0,1000.0,200.0,1.0,12.0,3.0,0.6,4.0,13.500000000641405,10.527244154267773,12.727369852890268,13.043818482624564,0.948782777588288,-0.3268025363939872
52,2.0,3.0,0.5,4.0,1000.0,200.0,1.0,12.0,3.0,0.6,6.0,13.500000000641405,10.527244154267773,12.727369852890268,13.043818482624564,1.0553308547926448,-0.2975189158064916
53,2.0,3.0,0.5,4.0,1000.0,200.0,1.0,12.0,3.0,0.6,8.0,13.500000000641405,10.527244154267773,12.727369852890268,13.043818482624564,0.9509073769827874,-0.3198817148219782
54,2.0,3.0,0.5,4.0,1000.0,200.0,1.0,36.0,1.0,0.4,4.0,14.50000000167268,12.05728244267073,14.500000001090713,14.500000001198467,3.008341319963342,-0.3048087966552648
55,2.0,3.0,0.5,4.0,1000.0,200.0,1.0,36.0,1.0,0.4,6.0,14.50000000167268,12.05728244267073,14.500000001090713,14.500000001198467,0.9859955226746508,-0.2976959979322878
56,2.0,3.0,0.5,4.0,1000.0,200.0,1.0,36.0,1.0,0.4,8.0,14.50000000167268,12.05728244267073,14.500000001090713,14.500000001198467,0.9872827558525731,-0.297615288015698
57,2.0,3.0,0.5,4.0,1000.0,200.0,1.0,36.0,1.0,0.5,4.0,14.50000000167268,12.05728244267073,14.500000001090713,14.500000001198467,0.9743700360364344,-0.31120686919272883
58,2.0,3.0,0.5,4.0,1000.0,200.0,1.0,36.0,1.0,0.5,6.0,14.50000000167268,12.05728244267073,14.500000001090713,14.500000001198467,0.9817492222450883,-0.3048156919365626
59,2.0,3.0,0.5,4.0,1000.0,200.0,1.0,36.0,1.0,0.5,8.0,14.50000000167268,12.05728244267073,14.500000001090713,14.500000001198467,0.9820284006335857,-0.3046607648038688
60,2.0,3.0,0.5,4.0,1000.0,200.0,1.0,36.0,1.0,0.6,4.0,14.50000000167268,12.05728244267073,14.500000001090713,14.500000001198467,4.836346295953196,-0.3055243778702014
61,2.0,3.0,0.5,4.0,1000.0,200.0,1.0,36.0,1.0,0.6,6.0,14.50000000167268,12.05728244267073,14.500000001090713,14.500000001198467,0.9657299257883497,-0.30037605824057956
62,2.0,3.0,0.5,4.0,1000.0,200.0,1.0,36.0,1.0,0.6,8.0,14.50000000167268,12.05728244267073,14.500000001090713,14.500000001198467,0.9675541769394633,-0.3005307380223093
63,2.0,3.0,0.5,4.0,1000.0,200.0,1.0,36.0,2.0,0.4,4.0,14.50000000167268,12.07002674981103,13.50000000025386,14.500000001198467,3.008341319963342,-0.3048087966552648
64,2.0,3.0,0.5,4.0,1000.0,200.0,1.0,36.0,2.0,0.4,6.0,14.50000000167268,12.07002674981103,13.50000000025386,14.500000001198467,0.9859955226746508,-0.2976959979322878
65,2.0,3.0,0.5,4.0,1000.0,200.0,1.0,36.0,2.0,0.4,8.0,14.50000000167268,12.07002674981103,13.50000000025386,14.500000001198467,0.9872827558525731,-0.297615288015698
66,2.0,3.0,0.5,4.0,1000.0,200.0,1.0,36.0,2.0,0.5,4.0,14.50000000167268,12.07002674981103,13.50000000025386,14.500000001198467,0.9743700360364344,-0.31120686919272883
67,2.0,3.0,0.5,4.0,1000.0,200.0,1.0,36.0,2.0,0.5,6.0,14.50000000167268,12.07002674981103,13.50000000025386,14.500000001198467,0.9817492222450883,-0.3048156919365626
68,2.0,3.0,0.5,4.0,1000.0,200.0,1.0,36.0,2.0,0.5,8.0,14.50000000167268,12.07002674981103,13.50000000025386,14.500000001198467,0.9820284006335857,-0.3046607648038688
69,2.0,3.0,0.5,4.0,1000.0,200.0,1.0,36.0,2.0,0.6,4.0,14.50000000167268,12.07002674981103,13.50000000025386,14.500000001198467,4.836346295953196,-0.3055243778702014
70,2.0,3.0,0.5,4.0,1000.0,200.0,1.0,36.0,2.0,0.6,6.0,14.50000000167268,12.07002674981103,13.50000000025386,14.500000001198467,0.9657299257883497,-0.30037605824057956
71,2.0,3.0,0.5,4.0,1000.0,200.0,1.0,36.0,2.0,0.6,8.0,14.50000000167268,12.07002674981103,13.50000000025386,14.500000001198467,0.9675541769394633,-0.3005307380223093
72,2.0,3.0,0.5,4.0,1000.0,200.0,1.0,36.0,3.0,0.4,4.0,14.50000000167268,12.08964777940971,13.500000000619542,14.500000001054058,3.199932602019898,-0.30342430290981137
73,2.0,3.0,0.5,4.0,1000.0,200.0,1.0,36.0,3.0,0.4,6.0,14.50000000167268,12.08964777940971,13.500000000619542,14.500000001054058,0.9848695391210968,-0.296003469447706
74,2.0,3.0,0.5,4.0,1000.0,200.0,1.0,36.0,3.0,0.4,8.0,14.50000000167268,12.08964777940971,13.500000000619542,14.500000001054058,0.9863021869629794,-0.29591467815709427
75,2.0,3.0,0.5,4.0,1000.0,200.0,1.0,36.0,3.0,0.5,4.0,14.50000000167268,12.08964777940971,13.500000000619542,14.500000001054058,4.3881389153102734,-0.3105042093586622
76,2.0,3.0,0.5,4.0,1000.0,200.0,1.0,36.0,3.0,0.5,6.0,14.50000000167268,12.08964777940971,13.500000000619542,14.500000001054058,0.9802001624645933,-0.3037829839256095
77,2.0,3.0,0.5,4.0,1000.0,200.0,1.0,36.0,3.0,0.5,8.0,14.50000000167268,12.08964777940971,13.500000000619542,14.500000001054058,0.9806417850900926,-0.3036253600433488
78,2.0,3.0,0.5,4.0,1000.0,200.0,1.0,36.0,3.0,0.6,4.0,14.50000000167268,12.08964777940971,13.500000000619542,14.500000001054058,4.533560070184118,-0.3050094803548708
79,2.0,3.0,0.5,4.0,1000.0,200.0,1.0,36.0,3.0,0.6,6.0,14.50000000167268,12.08964777940971,13.500000000619542,14.500000001054058,1.1232623465178249,0.0
80,2.0,3.0,0.5,4.0,1000.0,200.0,1.0,36.0,3.0,0.6,8.0,14.50000000167268,12.08964777940971,13.500000000619542,14.500000001054058,0.9671999413145526,-0.2996922490625336
81,2.0,3.0,0.5,4.0,1000.0,200.0,2.0,4.0,1.0,0.4,4.0,10.210812046772173,1.5798625951758498,8.451872275137132,8.29425848296891,0.9445726832880517,-0.46762770939644627
82,2.0,3.0,0.5,4.0,1000.0,200.0,2.0,4.0,1.0,0.4,6.0,10.210812046772173,1.5798625951758498,8.451872275137132,8.29425848296891,0.8032079383984345,-0.47417327233595885
83,2.0,3.0,0.5,4.0,1000.0,200.0,2.0,4.0,1.0,0.4,8.0,10.210812046772173,1.5798625951758498,8.451872275137132,8.29425848296891,0.7910913849201042,-0.46698646038312014
84,2.0,3.0,0.5,4.0,1000.0,200.0,2.0,4.0,1.0,0.5,4.0,10.210812046772173,1.5798625951758498,8.451872275137132,8.29425848296891,3.2735800064845093,-0.5012625442236063
85,2.0,3.0,0.5,4.0,1000.0,200.0,2.0,4.0,1.0,0.5,6.0,10.210812046772173,1.5798625951758498,8.451872275137132,8.29425848296891,0.7626100951767133,-0.5113689383794993
86,2.0,3.0,0.5,4.0,1000.0,200.0,2.0,4.0,1.0,0.5,8.0,10.210812046772173,1.5798625951758498,8.451872275137132,8.29425848296891,0.7503091448086694,-0.5081772357733599
87,2.0,3.0,0.5,4.0,1000.0,200.0,2.0,4.0,1.0,0.6,4.0,10.210812046772173,1.5798625951758498,8.451872275137132,8.29425848296891,0.768227562184296,-0.45867799456668373
88,2.0,3.0,0.5,4.0,1000.0,200.0,2.0,4.0,1.0,0.6,6.0,10.210812046772173,1.5798625951758498,8.451872275137132,8.29425848296891,0.6813637485598871,-0.47114041374802507
89,2.0,3.0,0.5,4.0,1000.0,200.0,2.0,4.0,1.0,0.6,8.0,10.210812046772173,1.5798625951758498,8.451872275137132,8.29425848296891,0.6634702630527954,-0.4665234753532478
90,2.0,3.0,0.5,4.0,1000.0,200.0,2.0,4.0,2.0,0.4,4.0,9.69629813186151,0.5,8.067294361679092,8.077554976238401,0.9472462032668212,-0.46422812888644244
91,2.0,3.0,0.5,4.0,1000.0,200.0,2.0,4.0,2.0,0.4,6.0,9.69629813186151,0.5,8.067294361679092,8.077554976238401,0.8014874372513061,-0.4740183566743706
92,2.0,3.0,0.5,4.0,1000.0,200.0,2.0,4.0,2.0,0.4,8.0,9.69629813186151,0.5,8.067294361679092,8.077554976238401,0.7874622676908242,-0.46747057886771093
93,2.0,3.0,0.5,4.0,1000.0,200.0,2.0,4.0,2.0,0.5,4.0,9.69629813186151,0.5,8.067294361679092,8.077554976238401,0.8775571105369905,-0.4985602408895305
94,2.0,3.0,0.5,4.0,1000.0,200.0,2.0,4.0,2.0,0.5,6.0,9.69629813186151,0.5,8.067294361679092,8.077554976238401,0.7630982721384203,-0.5090909275242422
95,2.0,3.0,0.5,4.0,1000.0,200.0,2.0,4.0,2.0,0.5,8.0,9.69629813186151,0.5,8.067294361679092,8.077554976238401,0.7509092050100008,-0.5059734406023872
96,2.0,3.0,0.5,4.0,1000.0,200.0,2.0,4.0,2.0,0.6,4.0,9.69629813186151,0.5,8.067294361679092,8.077554976238401,0.7646199276828214,-0.4582842318764038
97,2.0,3.0,0.5,4.0,1000.0,200.0,2.0,4.0,2.0,0.6,6.0,9.69629813186151,0.5,8.067294361679092,8.077554976238401,0.6818542297360525,-0.47114803904553115
98,2.0,3.0,0.5,4.0,1000.0,200.0,2.0,4.0,2.0,0.6,8.0,9.69629813186151,0.5,8.067294361679092,8.077554976238401,0.6644769125666146,-0.46670484716261645
99,2.0,3.0,0.5,4.0,1000.0,200.0,2.0,4.0,3.0,0.4,4.0,9.735850495029553,0.5,7.788927551676382,8.091716247051187,0.8920330795299013,-0.46300564219969054
100,2.0,3.0,0.5,4.0,1000.0,200.0,2.0,4.0,3.0,0.4,6.0,9.735850495029553,0.5,7.788927551676382,8.091716247051187,0.8029506902787524,-0.47087998490477695
101,2.0,3.0,0.5,4.0,1000.0,200.0,2.0,4.0,3.0,0.4,8.0,9.735850495029553,0.5,7.788927551676382,8.091716247051187,0.7869490329078451,-0.465705563756329
102,2.0,3.0,0.5,4.0,1000.0,200.0,2.0,4.0,3.0,0.5,4.0,9.735850495029553,0.5,7.788927551676382,8.091716247051187,3.2946198600436656,-0.49586247776206
103,2.0,3.0,0.5,4.0,1000.0,200.0,2.0,4.0,3.0,0.5,6.0,9.735850495029553,0.5,7.788927551676382,8.091716247051187,1.949662802307437,-0.5071120617574235
104,2.0,3.0,0.5,4.0,1000.0,200.0,2.0,4.0,3.0,0.5,8.0,9.735850495029553,0.5,7.788927551676382,8.091716247051187,0.7516271346809036,-0.5046573614742402
105,2.0,3.0,0.5,4.0,1000.0,200.0,2.0,4.0,3.0,0.6,4.0,9.735850495029553,0.5,7.788927551676382,8.091716247051187,0.7635383348247379,-0.4574765679965922
106,2.0,3.0,0.5,4.0,1000.0,200.0,2.0,4.0,3.0,0.6,6.0,9.735850495029553,0.5,7.788927551676382,8.091716247051187,0.6884650888564482,-0.4698649582078306
107,2.0,3.0,0.5,4.0,1000.0,200.0,2.0,4.0,3.0,0.6,8.0,9.735850495029553,0.5,7.788927551676382,8.091716247051187,0.6693913436943825,-0.464627544254669
108,2.0,3.0,0.5,4.0,1000.0,200.0,2.0,12.0,1.0,0.4,4.0,14.500000001112326,10.800190839303692,12.956027187721869,13.426006480426743,0.8982635248224491,-0.42024308971513863
109,2.0,3.0,0.5,4.0,1000.0,200.0,2.0,12.0,1.0,0.4,6.0,14.500000001112326,10.800190839303692,12.956027187721869,13.426006480426743,1.462415953084023,-0.40625823693869306
110,2.0,3.0,0.5,4.0,1000.0,200.0,2.0,12.0,1.0,0.4,8.0,14.500000001112326,10.800190839303692,12.956027187721869,13.426006480426743,0.9269858613123149,-0.40859310241627933
111,2.0,3.0,0.5,4.0,1000.0,200.0,2.0,12.0,1.0,0.5,4.0,14.500000001112326,10.800190839303692,12.956027187721869,13.426006480426743,1.5675989348740087,-0.425822296708722
112,2.0,3.0,0.5,4.0,1000.0,200.0,2.0,12.0,1.0,0.5,6.0,14.500000001112326,10.800190839303692,12.956027187721869,13.426006480426743,1.4165500605570742,-0.41498229077666177
113,2.0,3.0,0.5,4.0,1000.0,200.0,2.0,12.0,1.0,0.5,8.0,14.500000001112326,10.800190839303692,12.956027187721869,13.426006480426743,0.9268635196111915,-0.4171194510333419
114,2.0,3.0,0.5,4.0,1000.0,200.0,2.0,12.0,1.0,0.6,4.0,14.500000001112326,10.800190839303692,12.956027187721869,13.426006480426743,1.525894769217015,-0.41864029077170806
115,2.0,3.0,0.5,4.0,1000.0,200.0,2.0,12.0,1.0,0.6,6.0,14.500000001112326,10.800190839303692,12.956027187721869,13.426006480426743,0.8763820253744219,-0.4109081730229941
116,2.0,3.0,0.5,4.0,1000.0,200.0,2.0,12.0,1.0,0.6,8.0,14.500000001112326,10.800190839303692,12.956027187721869,13.426006480426743,0.9199409785229601,-0.4135323777811083
117,2.0,3.0,0.5,4.0,1000.0,200.0,2.0,12.0,2.0,0.4,4.0,13.500000000720897,10.465594191755988,12.691625759112707,13.032918149918723,0.8982635248224491,-0.42024308971513863
118,2.0,3.0,0.5,4.0,1000.0,200.0,2.0,12.0,2.0,0.4,6.0,13.500000000720897,10.465594191755988,12.691625759112707,13.032918149918723,1.462415953084023,-0.40625823693869306
119,2.0,3.0,0.5,4.0,1000.0,200.0,2.0,12.0,2.0,0.4,8.0,13.500000000720897,10.465594191755988,12.691625759112707,13.032918149918723,0.9269858613123149,-0.40859310241627933
120,2.0,3.0,0.5,4.0,1000.0,200.0,2.0,12.0,2.0,0.5,4.0,13.500000000720897,10.465594191755988,12.691625759112707,13.032918149918723,1.5675989348740087,-0.425822296708722
121,2.0,3.0,0.5,4.0,1000.0,200.0,2.0,12.0,2.0,0.5,6.0,13.500000000720897,10.465594191755988,12.691625759112707,13.032918149918723,1.4165500605570742,-0.41498229077666177
122,2.0,3.0,0.5,4.0,1000.0,200.0,2.0,12.0,2.0,0.5,8.0,13.500000000720897,10.465594191755988,12.691625759112707,13.032918149918723,0.9268635196111915,-0.4171194510333419
123,2.0,3.0,0.5,4.0,1000.0,200.0,2.0,12.0,2.0,0.6,4.0,13.500000000720897,10.465594191755988,12.691625759112707,13.032918149918723,1.5266494133825799,-0.4185445237160487
124,2.0,3.0,0.5,4.0,1000.0,200.0,2.0,12.0,2.0,0.6,6.0,13.500000000720897,10.465594191755988,12.691625759112707,13.032918149918723,0.8766203696439495,-0.41082578064230113
125,2.0,3.0,0.5,4.0,1000.0,200.0,2.0,12.0,2.0,0.6,8.0,13.500000000720897,10.465594191755988,12.691625759112707,13.032918149918723,0.9200939900943546,-0.41346011273342215
126,2.0,3.0,0.5,4.0,1000.0,200.0,2.0,12.0,3.0,0.4,4.0,13.500000000641405,10.527244154267773,12.727369852890268,13.043818482624564,0.8940772651518221,-0.42104026487579427
127,2.0,3.0,0.5,4.0,1000.0,200.0,2.0,12.0,3.0,0.4,6.0,13.500000000641405,10.527244154267773,12.727369852890268,13.043818482624564,0.9002619874317032,-0.4072537031008581
128,2.0,3.0,0.5,4.0,1000.0,200.0,2.0,12.0,3.0,0.4,8.0,13.500000000641405,10.527244154267773,12.727369852890268,13.043818482624564,0.9238703042015295,-0.40949167646068907
129,2.0,3.0,0.5,4.0,1000.0,200.0,2.0,12.0,3.0,0.5,4.0,13.500000000641405,10.527244154267773,12.727369852890268,13.043818482624564,1.557217685784066,-0.4261064784181581
130,2.0,3.0,0.5,4.0,1000.0,200.0,2.0,12.0,3.0,0.5,6.0,13.500000000641405,10.527244154267773,12.727369852890268,13.043818482624564,1.421604459116698,-0.41558878083162004
131,2.0,3.0,0.5,4.0,1000.0,200.0,2.0,12.0,3.0,0.5,8.0,13.500000000641405,10.527244154267773,12.727369852890268,13.043818482624564,0.9240322694280347,-0.4176069645145668
132,2.0,3.0,0.5,4.0,1000.0,200.0,2.0,12.0,3.0,0.6,4.0,13.500000000641405,10.527244154267773,12.727369852890268,13.043818482624564,1.515028958493107,-0.41881858013640194
133,2.0,3.0,0.5,4.0,1000.0,200.0,2.0,12.0,3.0,0.6,6.0,13.500000000641405,10.527244154267773,12.727369852890268,13.043818482624564,0.8755470186644532,-0.41152443318443593
134,2.0,3.0,0.5,4.0,1000.0,200.0,2.0,12.0,3.0,0.6,8.0,13.500000000641405,10.527244154267773,12.727369852890268,13.043818482624564,1.7310971028746753,-0.41396548740399447
135,2.0,3.0,0.5,4.0,1000.0,200.0,2.0,36.0,1.0,0.4,4.0,14.50000000167268,12.05728244267073,14.500000001090713,14.500000001198467,1.7532471906597673,-0.4121502042143381
136,2.0,3.0,0.5,4.0,1000.0,200.0,2.0,36.0,1.0,0.4,6.0,14.50000000167268,12.05728244267073,14.500000001090713,14.500000001198467,0.9450370139048452,-0.3944715422846878
137,2.0,3.0,0.5,4.0,1000.0,200.0,2.0,36.0,1.0,0.4,8.0,14.50000000167268,12.05728244267073,14.500000001090713,14.500000001198467,2.0151826123183825,-0.3953313646810209
138,2.0,3.0,0.5,4.0,1000.0,200.0,2.0,36.0,1.0,0.5,4.0,14.50000000167268,12.05728244267073,14.500000001090713,14.500000001198467,1.8606640494140905,-0.41810880183481736
139,2.0,3.0,0.5,4.0,1000.0,200.0,2.0,36.0,1.0,0.5,6.0,14.50000000167268,12.05728244267073,14.500000001090713,14.500000001198467,0.9320811867646518,-0.4011975961069598
140,2.0,3.0,0.5,4.0,1000.0,200.0,2.0,36.0,1.0,0.5,8.0,14.50000000167268,12.05728244267073,14.500000001090713,14.500000001198467,0.9531292405695392,-0.4021549584822138
141,2.0,3.0,0.5,4.0,1000.0,200.0,2.0,36.0,1.0,0.6,4.0,14.50000000167268,12.05728244267073,14.500000001090713,14.500000001198467,0.9136532080939126,-0.4032713588690485
142,2.0,3.0,0.5,4.0,1000.0,200.0,2.0,36.0,1.0,0.6,6.0,14.50000000167268,12.05728244267073,14.500000001090713,14.500000001198467,1.6751808518263391,-0.3898175776258844
143,2.0,3.0,0.5,4.0,1000.0,200.0,2.0,36.0,1.0,0.6,8.0,14.50000000167268,12.05728244267073,14.500000001090713,14.500000001198467,2.004595894732363,-0.3910157947297456
144,2.0,3.0,0.5,4.0,1000.0,200.0,2.0,36.0,2.0,0.4,4.0,14.50000000167268,12.07002674981103,13.50000000025386,14.500000001198467,1.7532471906597673,-0.4121502042143381
145,2.0,3.0,0.5,4.0,1000.0,200.0,2.0,36.0,2.0,0.4,6.0,14.50000000167268,12.07002674981103,13.50000000025386,14.500000001198467,0.9450370139048452,-0.3944715422846878
146,2.0,3.0,0.5,4.0,1000.0,200.0,2.0,36.0,2.0,0.4,8.0,14.50000000167268,12.07002674981103,13.50000000025386,14.500000001198467,2.0151826123183825,-0.3953313646810209
147,2.0,3.0,0.5,4.0,1000.0,200.0,2.0,36.0,2.0,0.5,4.0,14.50000000167268,12.07002674981103,13.50000000025386,14.500000001198467,1.8616152699047444,-0.4180200803586453
148,2.0,3.0,0.5,4.0,1000.0,200.0,2.0,36.0,2.0,0.5,6.0,14.50000000167268,12.07002674981103,13.50000000025386,14.500000001198467,0.9322497005430292,-0.4011223011899125
149,2.0,3.0,0.5,4.0,1000.0,200.0,2.0,36.0,2.0,0.5,8.0,14.50000000167268,12.07002674981103,13.50000000025386,14.500000001198467,0.9532778193513124,-0.4020776206148958
150,2.0,3.0,0.5,4.0,1000.0,200.0,2.0,36.0,2.0,0.6,4.0,14.50000000167268,12.07002674981103,13.50000000025386,14.500000001198467,0.9136532080939126,-0.4032713588690485
151,2.0,3.0,0.5,4.0,1000.0,200.0,2.0,36.0,2.0,0.6,6.0,14.50000000167268,12.07002674981103,13.50000000025386,14.500000001198467,1.6751808518263391,-0.3898175776258844
152,2.0,3.0,0.5,4.0,1000.0,200.0,2.0,36.0,2.0,0.6,8.0,14.50000000167268,12.07002674981103,13.50000000025386,14.500000001198467,2.004595894732363,-0.3910157947297456
153,2.0,3.0,0.5,4.0,1000.0,200.0,2.0,36.0,3.0,0.4,4.0,14.50000000167268,12.08964777940971,13.500000000619542,14.500000001054058,0.9010923892544365,-0.41227257126377315
154,2.0,3.0,0.5,4.0,1000.0,200.0,2.0,36.0,3.0,0.4,6.0,14.50000000167268,12.08964777940971,13.500000000619542,14.500000001054058,0.9442410369313666,-0.3946427594602926
155,2.0,3.0,0.5,4.0,1000.0,200.0,2.0,36.0,3.0,0.4,8.0,14.50000000167268,12.08964777940971,13.500000000619542,14.500000001054058,0.9664746806344545,-0.3953876875318734
156,2.0,3.0,0.5,4.0,1000.0,200.0,2.0,36.0,3.0,0.5,4.0,14.50000000167268,12.08964777940971,13.500000000619542,14.500000001054058,1.8594916635767276,-0.4191964884155137
157,2.0,3.0,0.5,4.0,1000.0,200.0,2.0,36.0,3.0,0.5,6.0,14.50000000167268,12.08964777940971,13.500000000619542,14.500000001054058,1.7325329251216608,-0.4020827048917034
158,2.0,3.0,0.5,4.0,1000.0,200.0,2.0,36.0,3.0,0.5,8.0,14.50000000167268,12.08964777940971,13.500000000619542,14.500000001054058,0.9516094257407655,-0.4028967194855552
159,2.0,3.0,0.5,4.0,1000.0,200.0,2.0,36.0,3.0,0.6,4.0,14.50000000167268,12.08964777940971,13.500000000619542,14.500000001054058,0.9178482391205429,-0.40420505890740394
160,2.0,3.0,0.5,4.0,1000.0,200.0,2.0,36.0,3.0,0.6,6.0,14.50000000167268,12.08964777940971,13.500000000619542,14.500000001054058,0.9262754970644361,-0.3909174468737229
161,2.0,3.0,0.5,4.0,1000.0,200.0,2.0,36.0,3.0,0.6,8.0,14.50000000167268,12.08964777940971,13.500000000619542,14.500000001054058,2.0031612231142417,-0.39208505586116355
162,2.0,3.0,0.5,6.0,1000.0,200.0,1.0,4.0,1.0,0.4,4.0,10.016856652756342,7.321374045757249,5.801073627843866,8.477224551681255,0.9465753404514115,-0.4575916482377943
163,2.0,3.0,0.5,6.0,1000.0,200.0,1.0,4.0,1.0,0.4,6.0,10.016856652756342,7.321374045757249,5.801073627843866,8.477224551681255,0.8228536481036873,-0.4840462001478734
164,2.0,3.0,0.5,6.0,1000.0,200.0,1.0,4.0,1.0,0.4,8.0,10.016856652756342,7.321374045757249,5.801073627843866,8.477224551681255,0.8150130096006507,-0.483433721253541
165,2.0,3.0,0.5,6.0,1000.0,200.0,1.0,4.0,1.0,0.5,4.0,10.016856652756342,7.321374045757249,5.801073627843866,8.477224551681255,0.9937014550953982,-0.5112330181350669
166,2.0,3.0,0.5,6.0,1000.0,200.0,1.0,4.0,1.0,0.5,6.0,10.016856652756342,7.321374045757249,5.801073627843866,8.477224551681255,1.866199528652304,-0.5434744996896932
167,2.0,3.0,0.5,6.0,1000.0,200.0,1.0,4.0,1.0,0.5,8.0,10.016856652756342,7.321374045757249,5.801073627843866,8.477224551681255,1.8065151620458704,-0.5437568883751619
168,2.0,3.0,0.5,6.0,1000.0,200.0,1.0,4.0,1.0,0.6,4.0,10.016856652756342,7.321374045757249,5.801073627843866,8.477224551681255,711.4646071185027,-0.5448765307377618
169,2.0,3.0,0.5,6.0,1000.0,200.0,1.0,4.0,1.0,0.6,6.0,10.016856652756342,7.321374045757249,5.801073627843866,8.477224551681255,0.8372941897375271,-0.5823361294769551
170,2.0,3.0,0.5,6.0,1000.0,200.0,1.0,4.0,1.0,0.6,8.0,10.016856652756342,7.321374045757249,5.801073627843866,8.477224551681255,0.8101742302600465,-0.5789073491014767
171,2.0,3.0,0.5,6.0,1000.0,200.0,1.0,4.0,2.0,0.4,4.0,9.826657346410702,7.17064404983241,8.209010478307164,8.257429134007857,0.9465753404514115,-0.4575916482377943
172,2.0,3.0,0.5,6.0,1000.0,200.0,1.0,4.0,2.0,0.4,6.0,9.826657346410702,7.17064404983241,8.209010478307164,8.257429134007857,0.8228536481036873,-0.4840462001478734
173,2.0,3.0,0.5,6.0,1000.0,200.0,1.0,4.0,2.0,0.4,8.0,9.826657346410702,7.17064404983241,8.209010478307164,8.257429134007857,0.8150130096006507,-0.483433721253541
174,2.0,3.0,0.5,6.0,1000.0,200.0,1.0,4.0,2.0,0.5,4.0,9.826657346410702,7.17064404983241,8.209010478307164,8.257429134007857,0.9937014550953982,-0.5112330181350669
175,2.0,3.0,0.5,6.0,1000.0,200.0,1.0,4.0,2.0,0.5,6.0,9.826657346410702,7.17064404983241,8.209010478307164,8.257429134007857,1.866199528652304,-0.5434744996896932
176,2.0,3.0,0.5,6.0,1000.0,200.0,1.0,4.0,2.0,0.5,8.0,9.826657346410702,7.17064404983241,8.209010478307164,8.257429134007857,1.8065151620458704,-0.5437568883751619
177,2.0,3.0,0.5,6.0,1000.0,200.0,1.0,4.0,2.0,0.6,4.0,9.826657346410702,7.17064404983241,8.209010478307164,8.257429134007857,711.4646071185027,-0.5448765307377618
178,2.0,3.0,0.5,6.0,1000.0,200.0,1.0,4.0,2.0,0.6,6.0,9.826657346410702,7.17064404983241,8.209010478307164,8.257429134007857,0.8372941897375271,-0.5823361294769551
179,2.0,3.0,0.5,6.0,1000.0,200.0,1.0,4.0,2.0,0.6,8.0,9.826657346410702,7.17064404983241,8.209010478307164,8.257429134007857,0.8101742302600465,-0.5789073491014767
180,2.0,3.0,0.5,6.0,1000.0,200.0,1.0,4.0,3.0,0.4,4.0,9.846727272885095,6.6907954690225635,8.252586049488999,8.267391303376346,0.9788050759638076,-0.4481938236554351
181,2.0,3.0,0.5,6.0,1000.0,200.0,1.0,4.0,3.0,0.4,6.0,9.846727272885095,6.6907954690225635,8.252586049488999,8.267391303376346,0.8237786701203339,-0.47027522929866566
182,2.0,3.0,0.5,6.0,1000.0,200.0,1.0,4.0,3.0,0.4,8.0,9.846727272885095,6.6907954690225635,8.252586049488999,8.267391303376346,0.8215127691275922,-0.46970524981464135
183,2.0,3.0,0.5,6.0,1000.0,200.0,1.0,4.0,3.0,0.5,4.0,9.846727272885095,6.6907954690225635,8.252586049488999,8.267391303376346,0.9557810771127676,-0.4998334351904066
184,2.0,3.0,0.5,6.0,1000.0,200.0,1.0,4.0,3.0,0.5,6.0,9.846727272885095,6.6907954690225635,8.252586049488999,8.267391303376346,1.8734092223503098,-0.5300876345304627
185,2.0,3.0,0.5,6.0,1000.0,200.0,1.0,4.0,3.0,0.5,8.0,9.846727272885095,6.6907954690225635,8.252586049488999,8.267391303376346,0.7996623676188971,-0.5313536800616347
186,2.0,3.0,0.5,6.0,1000.0,200.0,1.0,4.0,3.0,0.6,4.0,9.846727272885095,6.6907954690225635,8.252586049488999,8.267391303376346,626.9596833725516,-0.5338491136005732
187,2.0,3.0,0.5,6.0,1000.0,200.0,1.0,4.0,3.0,0.6,6.0,9.846727272885095,6.6907954690225635,8.252586049488999,8.267391303376346,0.8278625778493045,-0.5687608686323455
188,2.0,3.0,0.5,6.0,1000.0,200.0,1.0,4.0,3.0,0.6,8.0,9.846727272885095,6.6907954690225635,8.252586049488999,8.267391303376346,0.8027561846107285,-0.5658950757610055
189,2.0,3.0,0.5,6.0,1000.0,200.0,1.0,12.0,1.0,0.4,4.0,13.500000001010653,10.661832060127974,12.829289379397794,13.292449484940544,1.061210375229782,-0.258722896479462
190,2.0,3.0,0.5,6.0,1000.0,200.0,1.0,12.0,1.0,0.4,6.0,13.500000001010653,10.661832060127974,12.829289379397794,13.292449484940544,3.6662967109281426,-0.27158875442749314
191,2.0,3.0,0.5,6.0,1000.0,200.0,1.0,12.0,1.0,0.4,8.0,13.500000001010653,10.661832060127974,12.829289379397794,13.292449484940544,1.0184646693900323,-0.27089033890469416
192,2.0,3.0,0.5,6.0,1000.0,200.0,1.0,12.0,1.0,0.5,4.0,13.500000001010653,10.661832060127974,12.829289379397794,13.292449484940544,0.9909302855032274,-0.2882537454883395
193,2.0,3.0,0.5,6.0,1000.0,200.0,1.0,12.0,1.0,0.5,6.0,13.500000001010653,10.661832060127974,12.829289379397794,13.292449484940544,1.0033214937558563,-0.2850043039166535
194,2.0,3.0,0.5,6.0,1000.0,200.0,1.0,12.0,1.0,0.5,8.0,13.500000001010653,10.661832060127974,12.829289379397794,13.292449484940544,1.0038637000990256,-0.2846191964887549
195,2.0,3.0,0.5,6.0,1000.0,200.0,1.0,12.0,1.0,0.6,4.0,13.500000001010653,10.661832060127974,12.829289379397794,13.292449484940544,0.9813596968928371,-0.28959605276305017
196,2.0,3.0,0.5,6.0,1000.0,200.0,1.0,12.0,1.0,0.6,6.0,13.500000001010653,10.661832060127974,12.829289379397794,13.292449484940544,0.9812990920247795,-0.2874895572009483
197,2.0,3.0,0.5,6.0,1000.0,200.0,1.0,12.0,1.0,0.6,8.0,13.500000001010653,10.661832060127974,12.829289379397794,13.292449484940544,0.9805613898862715,-0.287299666395924
198,2.0,3.0,0.5,6.0,1000.0,200.0,1.0,12.0,2.0,0.4,4.0,13.500000000495163,10.346823048969426,12.562887596405504,12.907153024428949,1.061210375229782,-0.258722896479462
199,2.0,3.0,0.5,6.0,1000.0,200.0,1.0,12.0,2.0,0.4,6.0,13.500000000495163,10.346823048969426,12.562887596405504,12.907153024428949,3.6662967109281426,-0.27158875442749314
200,2.0,3.0,0.5,6.0,1000.0,200.0,1.0,12.0,2.0,0.4,8.0,13.500000000495163,10.346823048969426,12.562887596405504,12.907153024428949,1.0184646693900323,-0.27089033890469416
201,2.0,3.0,0.5,6.0,1000.0,200.0,1.0,12.0,2.0,0.5,4.0,13.500000000495163,10.346823048969426,12.562887596405504,12.907153024428949,0.9909302855032274,-0.2882537454883395
202,2.0,3.0,0.5,6.0,1000.0,200.0,1.0,12.0,2.0,0.5,6.0,13.500000000495163,10.346823048969426,12.562887596405504,12.907153024428949,1.0033214937558563,-0.2850043039166535
203,2.0,3.0,0.5,6.0,1000.0,200.0,1.0,12.0,2.0,0.5,8.0,13.500000000495163,10.346823048969426,12.562887596405504,12.907153024428949,1.0038637000990256,-0.2846191964887549
204,2.0,3.0,0.5,6.0,1000.0,200.0,1.0,12.0,2.0,0.6,4.0,13.500000000495163,10.346823048969426,12.562887596405504,12.907153024428949,0.9813596968928371,-0.28959605276305017
205,2.0,3.0,0.5,6.0,1000.0,200.0,1.0,12.0,2.0,0.6,6.0,13.500000000495163,10.346823048969426,12.562887596405504,12.907153024428949,0.9812990920247795,-0.2874895572009483
206,2.0,3.0,0.5,6.0,1000.0,200.0,1.0,12.0,2.0,0.6,8.0,13.500000000495163,10.346823048969426,12.562887596405504,12.907153024428949,0.9805613898862715,-0.287299666395924
207,2.0,3.0,0.5,6.0,1000.0,200.0,1.0,12.0,3.0,0.4,4.0,13.500000000175824,10.399217191028503,12.600067995055635,12.914834117451914,0.9855763626899331,-0.27491857921062796
208,2.0,3.0,0.5,6.0,1000.0,200.0,1.0,12.0,3.0,0.4,6.0,13.500000000175824,10.399217191028503,12.600067995055635,12.914834117451914,3.7412484635626986,-0.2710033407362828
209,2.0,3.0,0.5,6.0,1000.0,200.0,1.0,12.0,3.0,0.4,8.0,13.500000000175824,10.399217191028503,12.600067995055635,12.914834117451914,3.5605081742538944,-0.27027196117636837
210,2.0,3.0,0.5,6.0,1000.0,200.0,1.0,12.0,3.0,0.5,4.0,13.500000000175824,10.399217191028503,12.600067995055635,12.914834117451914,0.9908384806023571,-0.28784508284942817
211,2.0,3.0,0.5,6.0,1000.0,200.0,1.0,12.0,3.0,0.5,6.0,13.500000000175824,10.399217191028503,12.600067995055635,12.914834117451914,1.0026609145459584,-0.2843293347619144
212,2.0,3.0,0.5,6.0,1000.0,200.0,1.0,12.0,3.0,0.5,8.0,13.500000000175824,10.399217191028503,12.600067995055635,12.914834117451914,1.0028291067346027,-0.28389560268484043
213,2.0,3.0,0.5,6.0,1000.0,200.0,1.0,12.0,3.0,0.6,4.0,13.500000000175824,10.399217191028503,12.600067995055635,12.914834117451914,0.9809836278354729,-0.28935580862670135
214,2.0,3.0,0.5,6.0,1000.0,200.0,1.0,12.0,3.0,0.6,6.0,13.500000000175824,10.399217191028503,12.600067995055635,12.914834117451914,0.9806822287517625,-0.2868876490328626
215,2.0,3.0,0.5,6.0,1000.0,200.0,1.0,12.0,3.0,0.6,8.0,13.500000000175824,10.399217191028503,12.600067995055635,12.914834117451914,0.9793348269838785,-0.2866666959320943
216,2.0,3.0,0.5,6.0,1000.0,200.0,1.0,36.0,1.0,0.4,4.0,15.50000000190536,11.762137405106614,14.500000000849505,14.500000000855522,2.3060659034431206,-0.2578415475046208
217,2.0,3.0,0.5,6.0,1000.0,200.0,1.0,36.0,1.0,0.4,6.0,15.50000000190536,11.762137405106614,14.500000000849505,14.500000000855522,4.104300635057295,-0.25527102360440507
218,2.0,3.0,0.5,6.0,1000.0,200.0,1.0,36.0,1.0,0.4,8.0,15.50000000190536,11.762137405106614,14.500000000849505,14.500000000855522,1.0259318573834557,-0.25425835856755397
219,2.0,3.0,0.5,6.0,1000.0,200.0,1.0,36.0,1.0,0.5,4.0,15.50000000190536,11.762137405106614,14.500000000849505,14.500000000855522,1.0017387360923098,-0.27079301339952505
220,2.0,3.0,0.5,6.0,1000.0,200.0,1.0,36.0,1.0,0.5,6.0,15.50000000190536,11.762137405106614,14.500000000849505,14.500000000855522,1.0101538306556352,-0.27086987537236196
221,2.0,3.0,0.5,6.0,1000.0,200.0,1.0,36.0,1.0,0.5,8.0,15.50000000190536,11.762137405106614,14.500000000849505,14.500000000855522,1.0143970138723333,-0.2699939397665852
222,2.0,3.0,0.5,6.0,1000.0,200.0,1.0,36.0,1.0,0.6,4.0,15.50000000190536,11.762137405106614,14.500000000849505,14.500000000855522,0.9942038379034686,-0.2686401823232471
223,2.0,3.0,0.5,6.0,1000.0,200.0,1.0,36.0,1.0,0.6,6.0,15.50000000190536,11.762137405106614,14.500000000849505,14.500000000855522,0.9952390456902873,-0.26872604529655963
224,2.0,3.0,0.5,6.0,1000.0,200.0,1.0,36.0,1.0,0.6,8.0,15.50000000190536,11.762137405106614,14.500000000849505,14.500000000855522,0.9996716410867837,-0.2682641856439182
225,2.0,3.0,0.5,6.0,1000.0,200.0,1.0,36.0,2.0,0.4,4.0,15.50000000190536,11.781254142317808,13.500000002020832,14.500000000855522,2.3060659034431206,-0.2578415475046208
226,2.0,3.0,0.5,6.0,1000.0,200.0,1.0,36.0,2.0,0.4,6.0,15.50000000190536,11.781254142317808,13.500000002020832,14.500000000855522,4.104300635057295,-0.25527102360440507
227,2.0,3.0,0.5,6.0,1000.0,200.0,1.0,36.0,2.0,0.4,8.0,15.50000000190536,11.781254142317808,13.500000002020832,14.500000000855522,1.0259318573834557,-0.25425835856755397
228,2.0,3.0,0.5,6.0,1000.0,200.0,1.0,36.0,2.0,0.5,4.0,15.50000000190536,11.781254142317808,13.500000002020832,14.500000000855522,1.0017387360923098,-0.27079301339952505
229,2.0,3.0,0.5,6.0,1000.0,200.0,1.0,36.0,2.0,0.5,6.0,15.50000000190536,11.781254142317808,13.500000002020832,14.500000000855522,1.0101538306556352,-0.27086987537236196
230,2.0,3.0,0.5,6.0,1000.0,200.0,1.0,36.0,2.0,0.5,8.0,15.50000000190536,11.781254142317808,13.500000002020832,14.500000000855522,1.0143970138723333,-0.2699939397665852
231,2.0,3.0,0.5,6.0,1000.0,200.0,1.0,36.0,2.0,0.6,4.0,15.50000000190536,11.781254142317808,13.500000002020832,14.500000000855522,0.9942038379034686,-0.2686401823232471
232,2.0,3.0,0.5,6.0,1000.0,200.0,1.0,36.0,2.0,0.6,6.0,15.50000000190536,11.781254142317808,13.500000002020832,14.500000000855522,0.9952390456902873,-0.26872604529655963
233,2.0,3.0,0.5,6.0,1000.0,200.0,1.0,36.0,2.0,0.6,8.0,15.50000000190536,11.781254142317808,13.500000002020832,14.500000000855522,0.9996716410867837,-0.2682641856439182
234,2.0,3.0,0.5,6.0,1000.0,200.0,1.0,36.0,3.0,0.4,4.0,15.50000000190536,11.803068080145964,13.500000002075694,14.500000001403093,2.2983034892697316,-0.25584993425702435
235,2.0,3.0,0.5,6.0,1000.0,200.0,1.0,36.0,3.0,0.4,6.0,15.50000000190536,11.803068080145964,13.500000002075694,14.500000001403093,4.336172518729155,-0.2527291376837749
236,2.0,3.0,0.5,6.0,1000.0,200.0,1.0,36.0,3.0,0.4,8.0,15.50000000190536,11.803068080145964,13.500000002075694,14.500000001403093,1.0276004822441316,-0.2516302976899004
237,2.0,3.0,0.5,6.0,1000.0,200.0,1.0,36.0,3.0,0.5,4.0,15.50000000190536,11.803068080145964,13.500000002075694,14.500000001403093,1.0008471659449891,-0.26922856905653647
238,2.0,3.0,0.5,6.0,1000.0,200.0,1.0,36.0,3.0,0.5,6.0,15.50000000190536,11.803068080145964,13.500000002075694,14.500000001403093,1.0118907443224976,-0.2688295047883383
239,2.0,3.0,0.5,6.0,1000.0,200.0,1.0,36.0,3.0,0.5,8.0,15.50000000190536,11.803068080145964,13.500000002075694,14.500000001403093,1.015892321237159,-0.26783098628552454
240,2.0,3.0,0.5,6.0,1000.0,200.0,1.0,36.0,3.0,0.6,4.0,15.50000000190536,11.803068080145964,13.500000002075694,14.500000001403093,303.51953084167116,-0.26703323963277154
241,2.0,3.0,0.5,6.0,1000.0,200.0,1.0,36.0,3.0,0.6,6.0,15.50000000190536,11.803068080145964,13.500000002075694,14.500000001403093,0.9971703972263218,-0.2667153433048146
242,2.0,3.0,0.5,6.0,1000.0,200.0,1.0,36.0,3.0,0.6,8.0,15.50000000190536,11.803068080145964,13.500000002075694,14.500000001403093,1.001402247310798,-0.2661550984359306
243,2.0,3.0,0.5,6.0,1000.0,200.0,2.0,4.0,1.0,0.4,4.0,10.016856652756342,7.321374045757249,5.801073627843866,8.477224551681255,0.9360615614526059,-0.5029383375679964
244,2.0,3.0,0.5,6.0,1000.0,200.0,2.0,4.0,1.0,0.4,6.0,10.016856652756342,7.321374045757249,5.801073627843866,8.477224551681255,0.8260082609489534,-0.5075464296875943
245,2.0,3.0,0.5,6.0,1000.0,200.0,2.0,4.0,1.0,0.4,8.0,10.016856652756342,7.321374045757249,5.801073627843866,8.477224551681255,0.8257437558787882,-0.502540188877356
246,2.0,3.0,0.5,6.0,1000.0,200.0,2.0,4.0,1.0,0.5,4.0,10.016856652756342,7.321374045757249,5.801073627843866,8.477224551681255,0.9636026124710704,-0.5373744445669438
247,2.0,3.0,0.5,6.0,1000.0,200.0,2.0,4.0,1.0,0.5,6.0,10.016856652756342,7.321374045757249,5.801073627843866,8.477224551681255,1.7702932612612081,-0.5495119311254036
248,2.0,3.0,0.5,6.0,1000.0,200.0,2.0,4.0,1.0,0.5,8.0,10.016856652756342,7.321374045757249,5.801073627843866,8.477224551681255,0.7751945299354337,-0.5466471107682253
249,2.0,3.0,0.5,6.0,1000.0,200.0,2.0,4.0,1.0,0.6,4.0,10.016856652756342,7.321374045757249,5.801073627843866,8.477224551681255,0.8897906544491847,-0.5439575720691535
250,2.0,3.0,0.5,6.0,1000.0,200.0,2.0,4.0,1.0,0.6,6.0,10.016856652756342,7.321374045757249,5.801073627843866,8.477224551681255,0.7055430554745888,-0.549415632575106
251,2.0,3.0,0.5,6.0,1000.0,200.0,2.0,4.0,1.0,0.6,8.0,10.016856652756342,7.321374045757249,5.801073627843866,8.477224551681255,1.610987133516074,-0.545564497325618
252,2.0,3.0,0.5,6.0,1000.0,200.0,2.0,4.0,2.0,0.4,4.0,9.826657346410702,7.17064404983241,8.209010478307164,8.257429134007857,0.9352837096163545,-0.5015561193982634
253,2.0,3.0,0.5,6.0,1000.0,200.0,2.0,4.0,2.0,0.4,6.0,9.826657346410702,7.17064404983241,8.209010478307164,8.257429134007857,0.8257502258560493,-0.5069436099206089
254,2.0,3.0,0.5,6.0,1000.0,200.0,2.0,4.0,2.0,0.4,8.0,9.826657346410702,7.17064404983241,8.209010478307164,8.257429134007857,0.8212936432464474,-0.502314395017298
255,2.0,3.0,0.5,6.0,1000.0,200.0,2.0,4.0,2.0,0.5,4.0,9.826657346410702,7.17064404983241,8.209010478307164,8.257429134007857,0.9602303069065463,-0.5344764976608577
256,2.0,3.0,0.5,6.0,1000.0,200.0,2.0,4.0,2.0,0.5,6.0,9.826657346410702,7.17064404983241,8.209010478307164,8.257429134007857,1.7666460364141856,-0.5474429774100013
257,2.0,3.0,0.5,6.0,1000.0,200.0,2.0,4.0,2.0,0.5,8.0,9.826657346410702,7.17064404983241,8.209010478307164,8.257429134007857,0.7736650760492874,-0.5449384680322137
258,2.0,3.0,0.5,6.0,1000.0,200.0,2.0,4.0,2.0,0.6,4.0,9.826657346410702,7.17064404983241,8.209010478307164,8.257429134007857,0.8882198520041887,-0.5427496018776186
259,2.0,3.0,0.5,6.0,1000.0,200.0,2.0,4.0,2.0,0.6,6.0,9.826657346410702,7.17064404983241,8.209010478307164,8.257429134007857,0.7060694349067765,-0.5476032929267098
260,2.0,3.0,0.5,6.0,1000.0,200.0,2.0,4.0,2.0,0.6,8.0,9.826657346410702,7.17064404983241,8.209010478307164,8.257429134007857,1.611368328872457,-0.5437078740772832
261,2.0,3.0,0.5,6.0,1000.0,200.0,2.0,4.0,3.0,0.4,4.0,9.846727272885095,6.6907954690225635,8.252586049488999,8.267391303376346,0.9247828525249803,-0.4973271082410643
262,2.0,3.0,0.5,6.0,1000.0,200.0,2.0,4.0,3.0,0.4,6.0,9.846727272885095,6.6907954690225635,8.252586049488999,8.267391303376346,0.8219138785492299,-0.5028998456680226
263,2.0,3.0,0.5,6.0,1000.0,200.0,2.0,4.0,3.0,0.4,8.0,9.846727272885095,6.6907954690225635,8.252586049488999,8.267391303376346,0.817533701084597,-0.4992992646323742
264,2.0,3.0,0.5,6.0,1000.0,200.0,2.0,4.0,3.0,0.5,4.0,9.846727272885095,6.6907954690225635,8.252586049488999,8.267391303376346,0.9475422275045325,-0.5280962001482378
265,2.0,3.0,0.5,6.0,1000.0,200.0,2.0,4.0,3.0,0.5,6.0,9.846727272885095,6.6907954690225635,8.252586049488999,8.267391303376346,1.7690779314747413,-0.5416011551145463
266,2.0,3.0,0.5,6.0,1000.0,200.0,2.0,4.0,3.0,0.5,8.0,9.846727272885095,6.6907954690225635,8.252586049488999,8.267391303376346,0.7670768839177953,-0.5398817304675693
267,2.0,3.0,0.5,6.0,1000.0,200.0,2.0,4.0,3.0,0.6,4.0,9.846727272885095,6.6907954690225635,8.252586049488999,8.267391303376346,-0.8547507182878563,-0.5335194835898741
268,2.0,3.0,0.5,6.0,1000.0,200.0,2.0,4.0,3.0,0.6,6.0,9.846727272885095,6.6907954690225635,8.252586049488999,8.267391303376346,0.7041091922741124,-0.5408484196039861
269,2.0,3.0,0.5,6.0,1000.0,200.0,2.0,4.0,3.0,0.6,8.0,9.846727272885095,6.6907954690225635,8.252586049488999,8.267391303376346,1.6227116980926155,-0.5369712641079244
270,2.0,3.0,0.5,6.0,1000.0,200.0,2.0,12.0,1.0,0.4,4.0,13.500000001010653,10.661832060127974,12.829289379397794,13.292449484940544,2.216223754708533,-0.4074737877063605
271,2.0,3.0,0.5,6.0,1000.0,200.0,2.0,12.0,1.0,0.4,6.0,13.500000001010653,10.661832060127974,12.829289379397794,13.292449484940544,1.0623465884265804,-0.37544605763943517
272,2.0,3.0,0.5,6.0,1000.0,200.0,2.0,12.0,1.0,0.4,8.0,13.500000001010653,10.661832060127974,12.829289379397794,13.292449484940544,1.5086322497964855,-0.3904195496537728
273,2.0,3.0,0.5,6.0,1000.0,200.0,2.0,12.0,1.0,0.5,4.0,13.500000001010653,10.661832060127974,12.829289379397794,13.292449484940544,0.946658663248837,-0.4212583290441885
274,2.0,3.0,0.5,6.0,1000.0,200.0,2.0,12.0,1.0,0.5,6.0,13.500000001010653,10.661832060127974,12.829289379397794,13.292449484940544,1.4711828628067707,-0.4092079706668632
275,2.0,3.0,0.5,6.0,1000.0,200.0,2.0,12.0,1.0,0.5,8.0,13.500000001010653,10.661832060127974,12.829289379397794,13.292449484940544,0.9222398061663408,-0.4092178912171346
276,2.0,3.0,0.5,6.0,1000.0,200.0,2.0,12.0,1.0,0.6,4.0,13.500000001010653,10.661832060127974,12.829289379397794,13.292449484940544,0.9242005424303519,-0.41885844834813446
277,2.0,3.0,0.5,6.0,1000.0,200.0,2.0,12.0,1.0,0.6,6.0,13.500000001010653,10.661832060127974,12.829289379397794,13.292449484940544,0.9083589185194115,-0.4084082095242611
278,2.0,3.0,0.5,6.0,1000.0,200.0,2.0,12.0,1.0,0.6,8.0,13.500000001010653,10.661832060127974,12.829289379397794,13.292449484940544,0.9738060869666305,-0.40402404121148466
279,2.0,3.0,0.5,6.0,1000.0,200.0,2.0,12.0,2.0,0.4,4.0,13.500000000495163,10.346823048969426,12.562887596405504,12.907153024428949,2.216223754708533,-0.4074737877063605
280,2.0,3.0,0.5,6.0,1000.0,200.0,2.0,12.0,2.0,0.4,6.0,13.500000000495163,10.346823048969426,12.562887596405504,12.907153024428949,1.0623465884265804,-0.37544605763943517
281,2.0,3.0,0.5,6.0,1000.0,200.0,2.0,12.0,2.0,0.4,8.0,13.500000000495163,10.346823048969426,12.562887596405504,12.907153024428949,1.5086322497964855,-0.3904195496537728
282,2.0,3.0,0.5,6.0,1000.0,200.0,2.0,12.0,2.0,0.5,4.0,13.500000000495163,10.346823048969426,12.562887596405504,12.907153024428949,0.946658663248837,-0.4212583290441885
283,2.0,3.0,0.5,6.0,1000.0,200.0,2.0,12.0,2.0,0.5,6.0,13.500000000495163,10.346823048969426,12.562887596405504,12.907153024428949,1.4711828628067707,-0.4092079706668632
284,2.0,3.0,0.5,6.0,1000.0,200.0,2.0,12.0,2.0,0.5,8.0,13.500000000495163,10.346823048969426,12.562887596405504,12.907153024428949,0.9222398061663408,-0.4092178912171346
285,2.0,3.0,0.5,6.0,1000.0,200.0,2.0,12.0,2.0,0.6,4.0,13.500000000495163,10.346823048969426,12.562887596405504,12.907153024428949,0.9245477128104928,-0.41884598400153705
286,2.0,3.0,0.5,6.0,1000.0,200.0,2.0,12.0,2.0,0.6,6.0,13.500000000495163,10.346823048969426,12.562887596405504,12.907153024428949,0.9086924404867223,-0.40839995698397624
287,2.0,3.0,0.5,6.0,1000.0,200.0,2.0,12.0,2.0,0.6,8.0,13.500000000495163,10.346823048969426,12.562887596405504,12.907153024428949,0.9739922414814468,-0.40401698417935455
288,2.0,3.0,0.5,6.0,1000.0,200.0,2.0,12.0,3.0,0.4,4.0,13.500000000175824,10.399217191028503,12.600067995055635,12.914834117451914,1.0611574915885986,-0.38097637542222107
289,2.0,3.0,0.5,6.0,1000.0,200.0,2.0,12.0,3.0,0.4,6.0,13.500000000175824,10.399217191028503,12.600067995055635,12.914834117451914,0.9359269873165803,-0.39131940792875336
290,2.0,3.0,0.5,6.0,1000.0,200.0,2.0,12.0,3.0,0.4,8.0,13.500000000175824,10.399217191028503,12.600067995055635,12.914834117451914,1.509123646893683,-0.39079371549675584
291,2.0,3.0,0.5,6.0,1000.0,200.0,2.0,12.0,3.0,0.5,4.0,13.500000000175824,10.399217191028503,12.600067995055635,12.914834117451914,0.9471443479389149,-0.42137951470506635
292,2.0,3.0,0.5,6.0,1000.0,200.0,2.0,12.0,3.0,0.5,6.0,13.500000000175824,10.399217191028503,12.600067995055635,12.914834117451914,1.4724779461098152,-0.40933458082898816
293,2.0,3.0,0.5,6.0,1000.0,200.0,2.0,12.0,3.0,0.5,8.0,13.500000000175824,10.399217191028503,12.600067995055635,12.914834117451914,0.9226871522453302,-0.4093376314541782
294,2.0,3.0,0.5,6.0,1000.0,200.0,2.0,12.0,3.0,0.6,4.0,13.500000000175824,10.399217191028503,12.600067995055635,12.914834117451914,0.9243957909525184,-0.41875937518109035
295,2.0,3.0,0.5,6.0,1000.0,200.0,2.0,12.0,3.0,0.6,6.0,13.500000000175824,10.399217191028503,12.600067995055635,12.914834117451914,0.908532191437648,-0.40831898703238007
296,2.0,3.0,0.5,6.0,1000.0,200.0,2.0,12.0,3.0,0.6,8.0,13.500000000175824,10.399217191028503,12.600067995055635,12.914834117451914,0.973904492951721,-0.4039447089561616
297,2.0,3.0,0.5,6.0,1000.0,200.0,2.0,36.0,1.0,0.4,4.0,15.50000000190536,11.762137405106614,14.500000000849505,14.500000000855522,2.3045155198788523,-0.40425793154198375
298,2.0,3.0,0.5,6.0,1000.0,200.0,2.0,36.0,1.0,0.4,6.0,15.50000000190536,11.762137405106614,14.500000000849505,14.500000000855522,0.957060110301583,-0.3842352533251163
299,2.0,3.0,0.5,6.0,1000.0,200.0,2.0,36.0,1.0,0.4,8.0,15.50000000190536,11.762137405106614,14.500000000849505,14.500000000855522,1.8847900790742218,-0.3831984233570006
300,2.0,3.0,0.5,6.0,1000.0,200.0,2.0,36.0,1.0,0.5,4.0,15.50000000190536,11.762137405106614,14.500000000849505,14.500000000855522,2.434028204930878,-0.4115740503031166
301,2.0,3.0,0.5,6.0,1000.0,200.0,2.0,36.0,1.0,0.5,6.0,15.50000000190536,11.762137405106614,14.500000000849505,14.500000000855522,0.9508687736696957,-0.39360919113069837
302,2.0,3.0,0.5,6.0,1000.0,200.0,2.0,36.0,1.0,0.5,8.0,15.50000000190536,11.762137405106614,14.500000000849505,14.500000000855522,0.9565641458317165,-0.3926444407707609
303,2.0,3.0,0.5,6.0,1000.0,200.0,2.0,36.0,1.0,0.6,4.0,15.50000000190536,11.762137405106614,14.500000000849505,14.500000000855522,0.9454153225388866,-0.4038571563349454
304,2.0,3.0,0.5,6.0,1000.0,200.0,2.0,36.0,1.0,0.6,6.0,15.50000000190536,11.762137405106614,14.500000000849505,14.500000000855522,0.9403993369105728,-0.38987836922467267
305,2.0,3.0,0.5,6.0,1000.0,200.0,2.0,36.0,1.0,0.6,8.0,15.50000000190536,11.762137405106614,14.500000000849505,14.500000000855522,1.9398686631239712,-0.38813819738457206
306,2.0,3.0,0.5,6.0,1000.0,200.0,2.0,36.0,2.0,0.4,4.0,15.50000000190536,11.781254142317808,13.500000002020832,14.500000000855522,2.3045155198788523,-0.40425793154198375
307,2.0,3.0,0.5,6.0,1000.0,200.0,2.0,36.0,2.0,0.4,6.0,15.50000000190536,11.781254142317808,13.500000002020832,14.500000000855522,0.957060110301583,-0.3842352533251163
308,2.0,3.0,0.5,6.0,1000.0,200.0,2.0,36.0,2.0,0.4,8.0,15.50000000190536,11.781254142317808,13.500000002020832,14.500000000855522,1.8847900790742218,-0.3831984233570006
309,2.0,3.0,0.5,6.0,1000.0,200.0,2.0,36.0,2.0,0.5,4.0,15.50000000190536,11.781254142317808,13.500000002020832,14.500000000855522,2.43681096714196,-0.4114975606394178
310,2.0,3.0,0.5,6.0,1000.0,200.0,2.0,36.0,2.0,0.5,6.0,15.50000000190536,11.781254142317808,13.500000002020832,14.500000000855522,0.9510052708231621,-0.3935354934381849
311,2.0,3.0,0.5,6.0,1000.0,200.0,2.0,36.0,2.0,0.5,8.0,15.50000000190536,11.781254142317808,13.500000002020832,14.500000000855522,0.9567058547691663,-0.3925698671001494
312,2.0,3.0,0.5,6.0,1000.0,200.0,2.0,36.0,2.0,0.6,4.0,15.50000000190536,11.781254142317808,13.500000002020832,14.500000000855522,0.9454153225388866,-0.4038571563349454
313,2.0,3.0,0.5,6.0,1000.0,200.0,2.0,36.0,2.0,0.6,6.0,15.50000000190536,11.781254142317808,13.500000002020832,14.500000000855522,0.9403993369105728,-0.38987836922467267
314,2.0,3.0,0.5,6.0,1000.0,200.0,2.0,36.0,2.0,0.6,8.0,15.50000000190536,11.781254142317808,13.500000002020832,14.500000000855522,1.9398686631239712,-0.38813819738457206
315,2.0,3.0,0.5,6.0,1000.0,200.0,2.0,36.0,3.0,0.4,4.0,15.50000000190536,11.803068080145964,13.500000002075694,14.500000001403093,0.9508375425554674,-0.40360956140133303
316,2.0,3.0,0.5,6.0,1000.0,200.0,2.0,36.0,3.0,0.4,6.0,15.50000000190536,11.803068080145964,13.500000002075694,14.500000001403093,0.956282890387311,-0.3837169841217232
317,2.0,3.0,0.5,6.0,1000.0,200.0,2.0,36.0,3.0,0.4,8.0,15.50000000190536,11.803068080145964,13.500000002075694,14.500000001403093,0.9687077803570937,-0.3827190833815867
318,2.0,3.0,0.5,6.0,1000.0,200.0,2.0,36.0,3.0,0.5,4.0,15.50000000190536,11.803068080145964,13.500000002075694,14.500000001403093,2.4140805323130694,-0.41125718808956363
319,2.0,3.0,0.5,6.0,1000.0,200.0,2.0,36.0,3.0,0.5,6.0,15.50000000190536,11.803068080145964,13.500000002075694,14.500000001403093,1.7616040100846888,-0.39312628115746445
320,2.0,3.0,0.5,6.0,1000.0,200.0,2.0,36.0,3.0,0.5,8.0,15.50000000190536,11.803068080145964,13.500000002075694,14.500000001403093,0.9558851375336391,-0.3921580899803206
321,2.0,3.0,0.5,6.0,1000.0,200.0,2.0,36.0,3.0,0.6,4.0,15.50000000190536,11.803068080145964,13.500000002075694,14.500000001403093,0.9455448801183172,-0.40355886065622704
322,2.0,3.0,0.5,6.0,1000.0,200.0,2.0,36.0,3.0,0.6,6.0,15.50000000190536,11.803068080145964,13.500000002075694,14.500000001403093,0.9400455692865705,-0.3897031962875243
323,2.0,3.0,0.5,6.0,1000.0,200.0,2.0,36.0,3.0,0.6,8.0,15.50000000190536,11.803068080145964,13.500000002075694,14.500000001403093,0.9476468660736218,-0.387955007319814
324,2.0,3.0,0.5,8.0,1000.0,200.0,1.0,4.0,1.0,0.4,4.0,10.046399161794005,0.5,8.48436121033277,8.349767441942523,3.671471106104558,-0.40974101152439324
325,2.0,3.0,0.5,8.0,1000.0,200.0,1.0,4.0,1.0,0.4,6.0,10.046399161794005,0.5,8.48436121033277,8.349767441942523,1.8893981498174108,-0.4226441858038643
326,2.0,3.0,0.5,8.0,1000.0,200.0,1.0,4.0,1.0,0.4,8.0,10.046399161794005,0.5,8.48436121033277,8.349767441942523,0.9158148420178394,-0.42547493113692114
327,2.0,3.0,0.5,8.0,1000.0,200.0,1.0,4.0,1.0,0.5,4.0,10.046399161794005,0.5,8.48436121033277,8.349767441942523,250.93777549191805,-0.4547147093826172
328,2.0,3.0,0.5,8.0,1000.0,200.0,1.0,4.0,1.0,0.5,6.0,10.046399161794005,0.5,8.48436121033277,8.349767441942523,1.8755212925445028,-0.4806889434353183
329,2.0,3.0,0.5,8.0,1000.0,200.0,1.0,4.0,1.0,0.5,8.0,10.046399161794005,0.5,8.48436121033277,8.349767441942523,0.9034545710683658,-0.4812185687316199
330,2.0,3.0,0.5,8.0,1000.0,200.0,1.0,4.0,1.0,0.6,4.0,10.046399161794005,0.5,8.48436121033277,8.349767441942523,1.0604247589136369,-0.4836724678953568
331,2.0,3.0,0.5,8.0,1000.0,200.0,1.0,4.0,1.0,0.6,6.0,10.046399161794005,0.5,8.48436121033277,8.349767441942523,0.9249592449786468,-0.5115967468391976
332,2.0,3.0,0.5,8.0,1000.0,200.0,1.0,4.0,1.0,0.6,8.0,10.046399161794005,0.5,8.48436121033277,8.349767441942523,1.815248901346234,-0.5043828861738241
333,2.0,3.0,0.5,8.0,1000.0,200.0,1.0,4.0,2.0,0.4,4.0,9.847178443923289,7.184624808559553,8.091971030833403,8.136140206503475,3.671471106104558,-0.40974101152439324
334,2.0,3.0,0.5,8.0,1000.0,200.0,1.0,4.0,2.0,0.4,6.0,9.847178443923289,7.184624808559553,8.091971030833403,8.136140206503475,1.8893981498174108,-0.4226441858038643
335,2.0,3.0,0.5,8.0,1000.0,200.0,1.0,4.0,2.0,0.4,8.0,9.847178443923289,7.184624808559553,8.091971030833403,8.136140206503475,0.9158148420178394,-0.42547493113692114
336,2.0,3.0,0.5,8.0,1000.0,200.0,1.0,4.0,2.0,0.5,4.0,9.847178443923289,7.184624808559553,8.091971030833403,8.136140206503475,250.93777549191805,-0.4547147093826172
337,2.0,3.0,0.5,8.0,1000.0,200.0,1.0,4.0,2.0,0.5,6.0,9.847178443923289,7.184624808559553,8.091971030833403,8.136140206503475,1.8755212925445028,-0.4806889434353183
338,2.0,3.0,0.5,8.0,1000.0,200.0,1.0,4.0,2.0,0.5,8.0,9.847178443923289,7.184624808559553,8.091971030833403,8.136140206503475,0.9034545710683658,-0.4812185687316199
339,2.0,3.0,0.5,8.0,1000.0,200.0,1.0,4.0,2.0,0.6,4.0,9.847178443923289,7.184624808559553,8.091971030833403,8.136140206503475,1.0604247589136369,-0.4836724678953568
340,2.0,3.0,0.5,8.0,1000.0,200.0,1.0,4.0,2.0,0.6,6.0,9.847178443923289,7.184624808559553,8.091971030833403,8.136140206503475,0.9249592449786468,-0.5115967468391976
341,2.0,3.0,0.5,8.0,1000.0,200.0,1.0,4.0,2.0,0.6,8.0,9.847178443923289,7.184624808559553,8.091971030833403,8.136140206503475,1.815248901346234,-0.5043828861738241
342,2.0,3.0,0.5,8.0,1000.0,200.0,1.0,4.0,3.0,0.4,4.0,9.854645309125145,6.418059961570801,8.138867384950364,8.145881006310908,2.9870875861693422,-0.4017008813453359
343,2.0,3.0,0.5,8.0,1000.0,200.0,1.0,4.0,3.0,0.4,6.0,9.854645309125145,6.418059961570801,8.138867384950364,8.145881006310908,0.906344935517744,-0.4133979718806191
344,2.0,3.0,0.5,8.0,1000.0,200.0,1.0,4.0,3.0,0.4,8.0,9.854645309125145,6.418059961570801,8.138867384950364,8.145881006310908,0.912337483885197,-0.416108387742303
345,2.0,3.0,0.5,8.0,1000.0,200.0,1.0,4.0,3.0,0.5,4.0,9.854645309125145,6.418059961570801,8.138867384950364,8.145881006310908,1.2085368124180385,-0.4160192743304805
346,2.0,3.0,0.5,8.0,1000.0,200.0,1.0,4.0,3.0,0.5,6.0,9.854645309125145,6.418059961570801,8.138867384950364,8.145881006310908,1.8783763327025478,-0.47336060581730055
347,2.0,3.0,0.5,8.0,1000.0,200.0,1.0,4.0,3.0,0.5,8.0,9.854645309125145,6.418059961570801,8.138867384950364,8.145881006310908,0.888268691338867,-0.47402906218278124
348,2.0,3.0,0.5,8.0,1000.0,200.0,1.0,4.0,3.0,0.6,4.0,9.854645309125145,6.418059961570801,8.138867384950364,8.145881006310908,1.0531104055881864,-0.47751376481446633
349,2.0,3.0,0.5,8.0,1000.0,200.0,1.0,4.0,3.0,0.6,6.0,9.854645309125145,6.418059961570801,8.138867384950364,8.145881006310908,1.8575171839489923,-0.5046664839250689
350,2.0,3.0,0.5,8.0,1000.0,200.0,1.0,4.0,3.0,0.6,8.0,9.854645309125145,6.418059961570801,8.138867384950364,8.145881006310908,0.9069462310805331,-0.49755987110651245
351,2.0,3.0,0.5,8.0,1000.0,200.0,1.0,12.0,1.0,0.4,4.0,13.500000002093946,10.54274809147221,12.75174961561088,13.207981317654758,1.1076120357055677,-0.23895822174528727
352,2.0,3.0,0.5,8.0,1000.0,200.0,1.0,12.0,1.0,0.4,6.0,13.500000002093946,10.54274809147221,12.75174961561088,13.207981317654758,1.1037397737556731,-0.22641469138584824
353,2.0,3.0,0.5,8.0,1000.0,200.0,1.0,12.0,1.0,0.4,8.0,13.500000002093946,10.54274809147221,12.75174961561088,13.207981317654758,1.1128426343491673,-0.22685707001666602
354,2.0,3.0,0.5,8.0,1000.0,200.0,1.0,12.0,1.0,0.5,4.0,13.500000002093946,10.54274809147221,12.75174961561088,13.207981317654758,256.2095206843321,-0.2505215141407793
355,2.0,3.0,0.5,8.0,1000.0,200.0,1.0,12.0,1.0,0.5,6.0,13.500000002093946,10.54274809147221,12.75174961561088,13.207981317654758,1.0988251221577199,-0.23773739846996003
356,2.0,3.0,0.5,8.0,1000.0,200.0,1.0,12.0,1.0,0.5,8.0,13.500000002093946,10.54274809147221,12.75174961561088,13.207981317654758,1.1021354660002134,-0.23821464045518123
357,2.0,3.0,0.5,8.0,1000.0,200.0,1.0,12.0,1.0,0.6,4.0,13.500000002093946,10.54274809147221,12.75174961561088,13.207981317654758,414.1402332569068,-0.2545414164774379
358,2.0,3.0,0.5,8.0,1000.0,200.0,1.0,12.0,1.0,0.6,6.0,13.500000002093946,10.54274809147221,12.75174961561088,13.207981317654758,1.075080646873096,-0.247189084004454
359,2.0,3.0,0.5,8.0,1000.0,200.0,1.0,12.0,1.0,0.6,8.0,13.500000002093946,10.54274809147221,12.75174961561088,13.207981317654758,1.0729767666100558,-0.24809659336899517
360,2.0,3.0,0.5,8.0,1000.0,200.0,1.0,12.0,2.0,0.4,4.0,13.50000000135432,10.243660246620736,12.492538760035657,12.825284025416313,1.1076120357055677,-0.23895822174528727
361,2.0,3.0,0.5,8.0,1000.0,200.0,1.0,12.0,2.0,0.4,6.0,13.50000000135432,10.243660246620736,12.492538760035657,12.825284025416313,1.1037397737556731,-0.22641469138584824
362,2.0,3.0,0.5,8.0,1000.0,200.0,1.0,12.0,2.0,0.4,8.0,13.50000000135432,10.243660246620736,12.492538760035657,12.825284025416313,1.1128426343491673,-0.22685707001666602
363,2.0,3.0,0.5,8.0,1000.0,200.0,1.0,12.0,2.0,0.5,4.0,13.50000000135432,10.243660246620736,12.492538760035657,12.825284025416313,256.2095206843321,-0.2505215141407793
364,2.0,3.0,0.5,8.0,1000.0,200.0,1.0,12.0,2.0,0.5,6.0,13.50000000135432,10.243660246620736,12.492538760035657,12.825284025416313,1.0988251221577199,-0.23773739846996003
365,2.0,3.0,0.5,8.0,1000.0,200.0,1.0,12.0,2.0,0.5,8.0,13.50000000135432,10.243660246620736,12.492538760035657,12.825284025416313,1.1021354660002134,-0.23821464045518123
366,2.0,3.0,0.5,8.0,1000.0,200.0,1.0,12.0,2.0,0.6,4.0,13.50000000135432,10.243660246620736,12.492538760035657,12.825284025416313,414.1402332569068,-0.2545414164774379
367,2.0,3.0,0.5,8.0,1000.0,200.0,1.0,12.0,2.0,0.6,6.0,13.50000000135432,10.243660246620736,12.492538760035657,12.825284025416313,1.075080646873096,-0.247189084004454
368,2.0,3.0,0.5,8.0,1000.0,200.0,1.0,12.0,2.0,0.6,8.0,13.50000000135432,10.243660246620736,12.492538760035657,12.825284025416313,1.0729767666100558,-0.24809659336899517
369,2.0,3.0,0.5,8.0,1000.0,200.0,1.0,12.0,3.0,0.4,4.0,12.5000000000564,9.878704083791336,12.530731863363544,12.836461166349443,7.749105376507448,-0.2374367006919439
370,2.0,3.0,0.5,8.0,1000.0,200.0,1.0,12.0,3.0,0.4,6.0,12.5000000000564,9.878704083791336,12.530731863363544,12.836461166349443,1.1027559063830148,-0.22519028973063954
371,2.0,3.0,0.5,8.0,1000.0,200.0,1.0,12.0,3.0,0.4,8.0,12.5000000000564,9.878704083791336,12.530731863363544,12.836461166349443,1.1120533843399758,-0.2256226396065973
372,2.0,3.0,0.5,8.0,1000.0,200.0,1.0,12.0,3.0,0.5,4.0,12.5000000000564,9.878704083791336,12.530731863363544,12.836461166349443,1.1593398951545821,-0.23785410885446792
373,2.0,3.0,0.5,8.0,1000.0,200.0,1.0,12.0,3.0,0.5,6.0,12.5000000000564,9.878704083791336,12.530731863363544,12.836461166349443,1.0981603511956612,-0.23627787682740847
374,2.0,3.0,0.5,8.0,1000.0,200.0,1.0,12.0,3.0,0.5,8.0,12.5000000000564,9.878704083791336,12.530731863363544,12.836461166349443,1.101563815129653,-0.2367496313850786
375,2.0,3.0,0.5,8.0,1000.0,200.0,1.0,12.0,3.0,0.6,4.0,12.5000000000564,9.878704083791336,12.530731863363544,12.836461166349443,1.1161448591597343,-0.24512708976574366
376,2.0,3.0,0.5,8.0,1000.0,200.0,1.0,12.0,3.0,0.6,6.0,12.5000000000564,9.878704083791336,12.530731863363544,12.836461166349443,1.0741562880845794,-0.24539201827865342
377,2.0,3.0,0.5,8.0,1000.0,200.0,1.0,12.0,3.0,0.6,8.0,12.5000000000564,9.878704083791336,12.530731863363544,12.836461166349443,3.8461611775543045,-0.24629335564546617
378,2.0,3.0,0.5,8.0,1000.0,200.0,1.0,36.0,1.0,0.4,4.0,14.500000001724928,11.582320611500052,14.500000000830255,14.500000000694403,222.1098802505483,-0.23093885743480463
379,2.0,3.0,0.5,8.0,1000.0,200.0,1.0,36.0,1.0,0.4,6.0,14.500000001724928,11.582320611500052,14.500000000830255,14.500000000694403,1.1270395232438313,-0.21865305127154663
380,2.0,3.0,0.5,8.0,1000.0,200.0,1.0,36.0,1.0,0.4,8.0,14.500000001724928,11.582320611500052,14.500000000830255,14.500000000694403,1.1260545411272702,-0.21909739598570901
381,2.0,3.0,0.5,8.0,1000.0,200.0,1.0,36.0,1.0,0.5,4.0,14.500000001724928,11.582320611500052,14.500000000830255,14.500000000694403,1.1988597587252305,-0.02988706826935839
382,2.0,3.0,0.5,8.0,1000.0,200.0,1.0,36.0,1.0,0.5,6.0,14.500000001724928,11.582320611500052,14.500000000830255,14.500000000694403,1.124255439707337,-0.22492015308598173
383,2.0,3.0,0.5,8.0,1000.0,200.0,1.0,36.0,1.0,0.5,8.0,14.500000001724928,11.582320611500052,14.500000000830255,14.500000000694403,1.1211850967646853,-0.22526798256658467
384,2.0,3.0,0.5,8.0,1000.0,200.0,1.0,36.0,1.0,0.6,4.0,14.500000001724928,11.582320611500052,14.500000000830255,14.500000000694403,1.0951482488761264,-0.225465314398861
385,2.0,3.0,0.5,8.0,1000.0,200.0,1.0,36.0,1.0,0.6,6.0,14.500000001724928,11.582320611500052,14.500000000830255,14.500000000694403,1.1073969781878614,-0.21799994718421706
386,2.0,3.0,0.5,8.0,1000.0,200.0,1.0,36.0,1.0,0.6,8.0,14.500000001724928,11.582320611500052,14.500000000830255,14.500000000694403,1.1047394192058668,-0.2186355541715185
387,2.0,3.0,0.5,8.0,1000.0,200.0,1.0,36.0,2.0,0.4,4.0,14.500000001724928,11.606564651563666,13.500000000625477,14.500000000694403,222.1098802505483,-0.23093885743480463
388,2.0,3.0,0.5,8.0,1000.0,200.0,1.0,36.0,2.0,0.4,6.0,14.500000001724928,11.606564651563666,13.500000000625477,14.500000000694403,1.1270395232438313,-0.21865305127154663
389,2.0,3.0,0.5,8.0,1000.0,200.0,1.0,36.0,2.0,0.4,8.0,14.500000001724928,11.606564651563666,13.500000000625477,14.500000000694403,1.1260545411272702,-0.21909739598570901
390,2.0,3.0,0.5,8.0,1000.0,200.0,1.0,36.0,2.0,0.5,4.0,14.500000001724928,11.606564651563666,13.500000000625477,14.500000000694403,1.1988597587252305,-0.02988706826935839
391,2.0,3.0,0.5,8.0,1000.0,200.0,1.0,36.0,2.0,0.5,6.0,14.500000001724928,11.606564651563666,13.500000000625477,14.500000000694403,1.124255439707337,-0.22492015308598173
392,2.0,3.0,0.5,8.0,1000.0,200.0,1.0,36.0,2.0,0.5,8.0,14.500000001724928,11.606564651563666,13.500000000625477,14.500000000694403,1.1211850967646853,-0.22526798256658467
393,2.0,3.0,0.5,8.0,1000.0,200.0,1.0,36.0,2.0,0.6,4.0,14.500000001724928,11.606564651563666,13.500000000625477,14.500000000694403,1.0951482488761264,-0.225465314398861
394,2.0,3.0,0.5,8.0,1000.0,200.0,1.0,36.0,2.0,0.6,6.0,14.500000001724928,11.606564651563666,13.500000000625477,14.500000000694403,1.1073969781878614,-0.21799994718421706
395,2.0,3.0,0.5,8.0,1000.0,200.0,1.0,36.0,2.0,0.6,8.0,14.500000001724928,11.606564651563666,13.500000000625477,14.500000000694403,1.1047394192058668,-0.2186355541715185
396,2.0,3.0,0.5,8.0,1000.0,200.0,1.0,36.0,3.0,0.4,4.0,14.500000001724928,11.625320044964543,13.500000001091356,14.500000000694403,1.119281183885487,-0.2291761556717491
397,2.0,3.0,0.5,8.0,1000.0,200.0,1.0,36.0,3.0,0.4,6.0,14.500000001724928,11.625320044964543,13.500000001091356,14.500000000694403,1.1258116799537656,-0.21644224033919718
398,2.0,3.0,0.5,8.0,1000.0,200.0,1.0,36.0,3.0,0.4,8.0,14.500000001724928,11.625320044964543,13.500000001091356,14.500000000694403,1.1250378132672842,-0.21687794561839535
399,2.0,3.0,0.5,8.0,1000.0,200.0,1.0,36.0,3.0,0.5,4.0,14.500000001724928,11.625320044964543,13.500000001091356,14.500000000694403,1.121214859465366,-0.23245506250916548
400,2.0,3.0,0.5,8.0,1000.0,200.0,1.0,36.0,3.0,0.5,6.0,14.500000001724928,11.625320044964543,13.500000001091356,14.500000000694403,1.12325197374952,-0.22294191703730715
401,2.0,3.0,0.5,8.0,1000.0,200.0,1.0,36.0,3.0,0.5,8.0,14.500000001724928,11.625320044964543,13.500000001091356,14.500000000694403,1.1203449382769701,-0.2232832099174308
402,2.0,3.0,0.5,8.0,1000.0,200.0,1.0,36.0,3.0,0.6,4.0,14.500000001724928,11.625320044964543,13.500000001091356,14.500000000694403,1.0883781140116506,-0.2240341630290864
403,2.0,3.0,0.5,8.0,1000.0,200.0,1.0,36.0,3.0,0.6,6.0,14.500000001724928,11.625320044964543,13.500000001091356,14.500000000694403,1.1062193866302577,-0.21594668791773225
404,2.0,3.0,0.5,8.0,1000.0,200.0,1.0,36.0,3.0,0.6,8.0,14.500000001724928,11.625320044964543,13.500000001091356,14.500000000694403,1.1037548721369488,-0.21657988077725218
405,2.0,3.0,0.5,8.0,1000.0,200.0,2.0,4.0,1.0,0.4,4.0,10.046399161794005,0.5,8.48436121033277,8.349767441942523,0.9297698266468047,-0.469184826336528
406,2.0,3.0,0.5,8.0,1000.0,200.0,2.0,4.0,1.0,0.4,6.0,10.046399161794005,0.5,8.48436121033277,8.349767441942523,0.8475191755346566,-0.47777435484880476
407,2.0,3.0,0.5,8.0,1000.0,200.0,2.0,4.0,1.0,0.4,8.0,10.046399161794005,0.5,8.48436121033277,8.349767441942523,0.8479051211566745,-0.4741719261131382
408,2.0,3.0,0.5,8.0,1000.0,200.0,2.0,4.0,1.0,0.5,4.0,10.046399161794005,0.5,8.48436121033277,8.349767441942523,1.1308761986975917,-0.4662535160245353
409,2.0,3.0,0.5,8.0,1000.0,200.0,2.0,4.0,1.0,0.5,6.0,10.046399161794005,0.5,8.48436121033277,8.349767441942523,0.8293936828411055,-0.5177182081939977
410,2.0,3.0,0.5,8.0,1000.0,200.0,2.0,4.0,1.0,0.5,8.0,10.046399161794005,0.5,8.48436121033277,8.349767441942523,0.8040059444021852,-0.5133565494258261
411,2.0,3.0,0.5,8.0,1000.0,200.0,2.0,4.0,1.0,0.6,4.0,10.046399161794005,0.5,8.48436121033277,8.349767441942523,1.0907724825211274,-0.4651679814727061
412,2.0,3.0,0.5,8.0,1000.0,200.0,2.0,4.0,1.0,0.6,6.0,10.046399161794005,0.5,8.48436121033277,8.349767441942523,0.7413163144602092,-0.5110141104831716
413,2.0,3.0,0.5,8.0,1000.0,200.0,2.0,4.0,1.0,0.6,8.0,10.046399161794005,0.5,8.48436121033277,8.349767441942523,1.5552183927312537,-0.5053076695459332
414,2.0,3.0,0.5,8.0,1000.0,200.0,2.0,4.0,2.0,0.4,4.0,9.847178443923289,7.184624808559553,8.091971030833403,8.136140206503475,2.7628083587389103,-0.46780341906080186
415,2.0,3.0,0.5,8.0,1000.0,200.0,2.0,4.0,2.0,0.4,6.0,9.847178443923289,7.184624808559553,8.091971030833403,8.136140206503475,0.8498829741706104,-0.4756403872734979
416,2.0,3.0,0.5,8.0,1000.0,200.0,2.0,4.0,2.0,0.4,8.0,9.847178443923289,7.184624808559553,8.091971030833403,8.136140206503475,0.8500120658430541,-0.47205603909478394
417,2.0,3.0,0.5,8.0,1000.0,200.0,2.0,4.0,2.0,0.5,4.0,9.847178443923289,7.184624808559553,8.091971030833403,8.136140206503475,0.9356408225643457,-0.5021649786870447
418,2.0,3.0,0.5,8.0,1000.0,200.0,2.0,4.0,2.0,0.5,6.0,9.847178443923289,7.184624808559553,8.091971030833403,8.136140206503475,1.7868200908396368,-0.5179332251146415
419,2.0,3.0,0.5,8.0,1000.0,200.0,2.0,4.0,2.0,0.5,8.0,9.847178443923289,7.184624808559553,8.091971030833403,8.136140206503475,0.8021264132677128,-0.5139513956357082
420,2.0,3.0,0.5,8.0,1000.0,200.0,2.0,4.0,2.0,0.6,4.0,9.847178443923289,7.184624808559553,8.091971030833403,8.136140206503475,0.8134004343978868,-0.49825423921524586
421,2.0,3.0,0.5,8.0,1000.0,200.0,2.0,4.0,2.0,0.6,6.0,9.847178443923289,7.184624808559553,8.091971030833403,8.136140206503475,0.7482737359426792,-0.5084182884782582
422,2.0,3.0,0.5,8.0,1000.0,200.0,2.0,4.0,2.0,0.6,8.0,9.847178443923289,7.184624808559553,8.091971030833403,8.136140206503475,1.5617055943655176,-0.502532917995544
423,2.0,3.0,0.5,8.0,1000.0,200.0,2.0,4.0,3.0,0.4,4.0,9.854645309125145,6.418059961570801,8.138867384950364,8.145881006310908,0.932570587752282,-0.4629299873888006
424,2.0,3.0,0.5,8.0,1000.0,200.0,2.0,4.0,3.0,0.4,6.0,9.854645309125145,6.418059961570801,8.138867384950364,8.145881006310908,0.8476148989432315,-0.4709028409977955
425,2.0,3.0,0.5,8.0,1000.0,200.0,2.0,4.0,3.0,0.4,8.0,9.854645309125145,6.418059961570801,8.138867384950364,8.145881006310908,0.841504961563001,-0.4683410195046645
426,2.0,3.0,0.5,8.0,1000.0,200.0,2.0,4.0,3.0,0.5,4.0,9.854645309125145,6.418059961570801,8.138867384950364,8.145881006310908,2.506177797014426,-0.4992108984224151
427,2.0,3.0,0.5,8.0,1000.0,200.0,2.0,4.0,3.0,0.5,6.0,9.854645309125145,6.418059961570801,8.138867384950364,8.145881006310908,1.8010570342823902,-0.515674457852582
428,2.0,3.0,0.5,8.0,1000.0,200.0,2.0,4.0,3.0,0.5,8.0,9.854645309125145,6.418059961570801,8.138867384950364,8.145881006310908,0.8055251920305571,-0.5116969761938035
429,2.0,3.0,0.5,8.0,1000.0,200.0,2.0,4.0,3.0,0.6,4.0,9.854645309125145,6.418059961570801,8.138867384950364,8.145881006310908,0.8050020329198788,-0.49376962402737024
430,2.0,3.0,0.5,8.0,1000.0,200.0,2.0,4.0,3.0,0.6,6.0,9.854645309125145,6.418059961570801,8.138867384950364,8.145881006310908,0.7450050920208979,-0.5054113799286071
431,2.0,3.0,0.5,8.0,1000.0,200.0,2.0,4.0,3.0,0.6,8.0,9.854645309125145,6.418059961570801,8.138867384950364,8.145881006310908,1.5660537835479407,-0.4996387244882506
432,2.0,3.0,0.5,8.0,1000.0,200.0,2.0,12.0,1.0,0.4,4.0,13.500000002093946,10.54274809147221,12.75174961561088,13.207981317654758,0.9286630661529743,-0.38676229895678593
433,2.0,3.0,0.5,8.0,1000.0,200.0,2.0,12.0,1.0,0.4,6.0,13.500000002093946,10.54274809147221,12.75174961561088,13.207981317654758,1.0683345163538338,-0.36070137347308423
434,2.0,3.0,0.5,8.0,1000.0,200.0,2.0,12.0,1.0,0.4,8.0,13.500000002093946,10.54274809147221,12.75174961561088,13.207981317654758,1.41150859460759,-0.37232532416003644
435,2.0,3.0,0.5,8.0,1000.0,200.0,2.0,12.0,1.0,0.5,4.0,13.500000002093946,10.54274809147221,12.75174961561088,13.207981317654758,1.6245777943485866,-0.4002592594175647
436,2.0,3.0,0.5,8.0,1000.0,200.0,2.0,12.0,1.0,0.5,6.0,13.500000002093946,10.54274809147221,12.75174961561088,13.207981317654758,1.0368111962595998,-0.38077914463172485
437,2.0,3.0,0.5,8.0,1000.0,200.0,2.0,12.0,1.0,0.5,8.0,13.500000002093946,10.54274809147221,12.75174961561088,13.207981317654758,0.9203700812776305,-0.3890790110927524
438,2.0,3.0,0.5,8.0,1000.0,200.0,2.0,12.0,1.0,0.6,4.0,13.500000002093946,10.54274809147221,12.75174961561088,13.207981317654758,0.8916435134218188,-0.4022224708649777
439,2.0,3.0,0.5,8.0,1000.0,200.0,2.0,12.0,1.0,0.6,6.0,13.500000002093946,10.54274809147221,12.75174961561088,13.207981317654758,1.5010652654493262,-0.3942188378197884
440,2.0,3.0,0.5,8.0,1000.0,200.0,2.0,12.0,1.0,0.6,8.0,13.500000002093946,10.54274809147221,12.75174961561088,13.207981317654758,0.9846657174871384,-0.39105630320461227
441,2.0,3.0,0.5,8.0,1000.0,200.0,2.0,12.0,2.0,0.4,4.0,13.50000000135432,10.243660246620736,12.492538760035657,12.825284025416313,0.9286630661529743,-0.38676229895678593
442,2.0,3.0,0.5,8.0,1000.0,200.0,2.0,12.0,2.0,0.4,6.0,13.50000000135432,10.243660246620736,12.492538760035657,12.825284025416313,1.0683345163538338,-0.36070137347308423
443,2.0,3.0,0.5,8.0,1000.0,200.0,2.0,12.0,2.0,0.4,8.0,13.50000000135432,10.243660246620736,12.492538760035657,12.825284025416313,1.41150859460759,-0.37232532416003644
444,2.0,3.0,0.5,8.0,1000.0,200.0,2.0,12.0,2.0,0.5,4.0,13.50000000135432,10.243660246620736,12.492538760035657,12.825284025416313,1.6245777943485866,-0.4002592594175647
445,2.0,3.0,0.5,8.0,1000.0,200.0,2.0,12.0,2.0,0.5,6.0,13.50000000135432,10.243660246620736,12.492538760035657,12.825284025416313,1.0368111962595998,-0.38077914463172485
446,2.0,3.0,0.5,8.0,1000.0,200.0,2.0,12.0,2.0,0.5,8.0,13.50000000135432,10.243660246620736,12.492538760035657,12.825284025416313,0.9203700812776305,-0.3890790110927524
447,2.0,3.0,0.5,8.0,1000.0,200.0,2.0,12.0,2.0,0.6,4.0,13.50000000135432,10.243660246620736,12.492538760035657,12.825284025416313,0.8916435134218188,-0.4022224708649777
448,2.0,3.0,0.5,8.0,1000.0,200.0,2.0,12.0,2.0,0.6,6.0,13.50000000135432,10.243660246620736,12.492538760035657,12.825284025416313,1.5010652654493262,-0.3942188378197884
449,2.0,3.0,0.5,8.0,1000.0,200.0,2.0,12.0,2.0,0.6,8.0,13.50000000135432,10.243660246620736,12.492538760035657,12.825284025416313,0.9846657174871384,-0.39105630320461227
450,2.0,3.0,0.5,8.0,1000.0,200.0,2.0,12.0,3.0,0.4,4.0,12.5000000000564,9.878704083791336,12.530731863363544,12.836461166349443,0.9290830074511968,-0.3869702943209466
451,2.0,3.0,0.5,8.0,1000.0,200.0,2.0,12.0,3.0,0.4,6.0,12.5000000000564,9.878704083791336,12.530731863363544,12.836461166349443,1.068298405322245,-0.3608666569995154
452,2.0,3.0,0.5,8.0,1000.0,200.0,2.0,12.0,3.0,0.4,8.0,12.5000000000564,9.878704083791336,12.530731863363544,12.836461166349443,1.412100728222004,-0.3725147728048631
453,2.0,3.0,0.5,8.0,1000.0,200.0,2.0,12.0,3.0,0.5,4.0,12.5000000000564,9.878704083791336,12.530731863363544,12.836461166349443,0.919894303509227,-0.39986205043458894
454,2.0,3.0,0.5,8.0,1000.0,200.0,2.0,12.0,3.0,0.5,6.0,12.5000000000564,9.878704083791336,12.530731863363544,12.836461166349443,1.037098161122799,-0.3803990580961328
455,2.0,3.0,0.5,8.0,1000.0,200.0,2.0,12.0,3.0,0.5,8.0,12.5000000000564,9.878704083791336,12.530731863363544,12.836461166349443,0.9209732783388301,-0.3886828741376584
456,2.0,3.0,0.5,8.0,1000.0,200.0,2.0,12.0,3.0,0.6,4.0,12.5000000000564,9.878704083791336,12.530731863363544,12.836461166349443,0.8916435134218188,-0.4022224708649777
457,2.0,3.0,0.5,8.0,1000.0,200.0,2.0,12.0,3.0,0.6,6.0,12.5000000000564,9.878704083791336,12.530731863363544,12.836461166349443,1.5010652654493262,-0.3942188378197884
458,2.0,3.0,0.5,8.0,1000.0,200.0,2.0,12.0,3.0,0.6,8.0,12.5000000000564,9.878704083791336,12.530731863363544,12.836461166349443,0.9846657174871384,-0.39105630320461227
459,2.0,3.0,0.5,8.0,1000.0,200.0,2.0,36.0,1.0,0.4,4.0,14.500000001724928,11.582320611500052,14.500000000830255,14.500000000694403,0.942787860965773,-0.3770143342477729
460,2.0,3.0,0.5,8.0,1000.0,200.0,2.0,36.0,1.0,0.4,6.0,14.500000001724928,11.582320611500052,14.500000000830255,14.500000000694403,0.9613419527141916,-0.3567217732720884
461,2.0,3.0,0.5,8.0,1000.0,200.0,2.0,36.0,1.0,0.4,8.0,14.500000001724928,11.582320611500052,14.500000000830255,14.500000000694403,0.9857295798442154,-0.3554875635004707
462,2.0,3.0,0.5,8.0,1000.0,200.0,2.0,36.0,1.0,0.5,4.0,14.500000001724928,11.582320611500052,14.500000000830255,14.500000000694403,1.685727394670198,-0.3871762622907434
463,2.0,3.0,0.5,8.0,1000.0,200.0,2.0,36.0,1.0,0.5,6.0,14.500000001724928,11.582320611500052,14.500000000830255,14.500000000694403,1.6105537112207255,-0.36923129690019196
464,2.0,3.0,0.5,8.0,1000.0,200.0,2.0,36.0,1.0,0.5,8.0,14.500000001724928,11.582320611500052,14.500000000830255,14.500000000694403,0.9748712467704191,-0.3678641450952663
465,2.0,3.0,0.5,8.0,1000.0,200.0,2.0,36.0,1.0,0.6,4.0,14.500000001724928,11.582320611500052,14.500000000830255,14.500000000694403,0.9086911475860953,-0.3822153849112984
466,2.0,3.0,0.5,8.0,1000.0,200.0,2.0,36.0,1.0,0.6,6.0,14.500000001724928,11.582320611500052,14.500000000830255,14.500000000694403,0.9578296006138838,-0.3686680796029625
467,2.0,3.0,0.5,8.0,1000.0,200.0,2.0,36.0,1.0,0.6,8.0,14.500000001724928,11.582320611500052,14.500000000830255,14.500000000694403,1.0619660460196874,-0.3550310864487068
468,2.0,3.0,0.5,8.0,1000.0,200.0,2.0,36.0,2.0,0.4,4.0,14.500000001724928,11.606564651563666,13.500000000625477,14.500000000694403,1.8539846039253403,-0.3770742061806765
469,2.0,3.0,0.5,8.0,1000.0,200.0,2.0,36.0,2.0,0.4,6.0,14.500000001724928,11.606564651563666,13.500000000625477,14.500000000694403,0.9615427261353579,-0.3567741234879785
470,2.0,3.0,0.5,8.0,1000.0,200.0,2.0,36.0,2.0,0.4,8.0,14.500000001724928,11.606564651563666,13.500000000625477,14.500000000694403,0.985906375554717,-0.35553686184368977
471,2.0,3.0,0.5,8.0,1000.0,200.0,2.0,36.0,2.0,0.5,4.0,14.500000001724928,11.606564651563666,13.500000000625477,14.500000000694403,1.68634074050472,-0.3870909437610443
472,2.0,3.0,0.5,8.0,1000.0,200.0,2.0,36.0,2.0,0.5,6.0,14.500000001724928,11.606564651563666,13.500000000625477,14.500000000694403,1.610881699932319,-0.36915219775947405
473,2.0,3.0,0.5,8.0,1000.0,200.0,2.0,36.0,2.0,0.5,8.0,14.500000001724928,11.606564651563666,13.500000000625477,14.500000000694403,0.9750478176170033,-0.36778408051312506
474,2.0,3.0,0.5,8.0,1000.0,200.0,2.0,36.0,2.0,0.6,4.0,14.500000001724928,11.606564651563666,13.500000000625477,14.500000000694403,0.9089648397831263,-0.3822880905068051
475,2.0,3.0,0.5,8.0,1000.0,200.0,2.0,36.0,2.0,0.6,6.0,14.500000001724928,11.606564651563666,13.500000000625477,14.500000000694403,0.9580049954071996,-0.36872870332858987
476,2.0,3.0,0.5,8.0,1000.0,200.0,2.0,36.0,2.0,0.6,8.0,14.500000001724928,11.606564651563666,13.500000000625477,14.500000000694403,1.0620425444466806,-0.35508995367979007
477,2.0,3.0,0.5,8.0,1000.0,200.0,2.0,36.0,3.0,0.4,4.0,14.500000001724928,11.625320044964543,13.500000001091356,14.500000000694403,1.8509449634395332,-0.37773223217863056
478,2.0,3.0,0.5,8.0,1000.0,200.0,2.0,36.0,3.0,0.4,6.0,14.500000001724928,11.625320044964543,13.500000001091356,14.500000000694403,1.65005512137041,-0.35728475681536725
479,2.0,3.0,0.5,8.0,1000.0,200.0,2.0,36.0,3.0,0.4,8.0,14.500000001724928,11.625320044964543,13.500000001091356,14.500000000694403,1.7969323819543481,-0.3560568901549939
480,2.0,3.0,0.5,8.0,1000.0,200.0,2.0,36.0,3.0,0.5,4.0,14.500000001724928,11.625320044964543,13.500000001091356,14.500000000694403,1.6983498042392067,-0.38762412317034906
481,2.0,3.0,0.5,8.0,1000.0,200.0,2.0,36.0,3.0,0.5,6.0,14.500000001724928,11.625320044964543,13.500000001091356,14.500000000694403,1.090893419724201,-0.3534501103613777
482,2.0,3.0,0.5,8.0,1000.0,200.0,2.0,36.0,3.0,0.5,8.0,14.500000001724928,11.625320044964543,13.500000001091356,14.500000000694403,0.9760283731777137,-0.3683546079282676
483,2.0,3.0,0.5,8.0,1000.0,200.0,2.0,36.0,3.0,0.6,4.0,14.500000001724928,11.625320044964543,13.500000001091356,14.500000000694403,1.6294833135412414,-0.382565409212256
484,2.0,3.0,0.5,8.0,1000.0,200.0,2.0,36.0,3.0,0.6,6.0,14.500000001724928,11.625320044964543,13.500000001091356,14.500000000694403,0.9595024050877743,-0.36904813471662107
485,2.0,3.0,0.5,8.0,1000.0,200.0,2.0,36.0,3.0,0.6,8.0,14.500000001724928,11.625320044964543,13.500000001091356,14.500000000694403,1.894590385067107,-0.3678066576891523
